knob,val,kind,ep,R,ticks,laps,off,contact_flag,passes,slip_active_frac,mean_abs_alpha,max_abs_alpha,base,speed,pass_b,closing,slip,contact
k_v,0.3,slower,0,4080.8569590326265,3000,2.3699567051523083,False,False,1,0.0,0.002208404335687207,0.01438209038874837,174.3899879655803,1054.7489054606565,7.0,2885.42370705164,-40.70564144524714,0.0
k_v,0.3,slower,1,1976.1175985439506,3000,2.816646744683143,False,False,1,0.0,0.0029807974445568365,0.02095652935083003,207.22576067092191,1245.8895607009724,7.0,545.9858055148079,-29.98352834276049,0.0
k_v,0.3,equal,0,2732.9680392758432,3000,2.45922018994672,False,False,0,0.0,0.002236110297375714,0.015739533544766454,180.99718613189904,2544.384504349819,0.0,35.82854691007594,-28.24219811596057,0.0
k_v,0.3,equal,1,2888.5497248215584,3000,2.6362119356060263,False,False,0,0.0,0.0025793939016310525,0.02048497604931679,194.01136433828444,2721.731574084941,0.0,0.0,-27.193213601671744,0.0
k_v,0.3,faster,0,4220.911535534813,3000,2.3485211583032677,False,False,0,0.0,0.002115492654795692,0.018589119738540945,172.78824295556365,3477.904498903318,0.0,602.3560133849766,-32.13721970903683,0.0
k_v,0.3,faster,1,4269.758897396057,3000,2.3675802930598535,False,False,0,0.0,0.0021533163962349773,0.018492885220353965,174.18976983932822,3512.1729358923953,0.0,616.6481807257923,-33.25198906146462,0.0
k_v,0.45,slower,0,2087.380717453803,3000,3.3078078149194305,False,False,1,0.0,0.0040723380188546175,0.028427611866755815,243.4652415225501,1465.5590862975105,7.0,402.10582621829616,-30.749436584557174,0.0
k_v,0.45,slower,1,2605.04552295021,3000,3.9136651870435397,False,False,2,0.0,0.006150288065992884,0.045297992676608764,288.01377461364837,1734.576145134861,14.0,593.3038824953986,-24.84827929370219,0.0
k_v,0.45,equal,0,3933.13187456948,3000,3.2248493453376286,False,False,0,0.0,0.0039477648820927195,0.026889280296613288,237.25847960873554,3331.0336438006234,0.0,395.4156223301625,-30.575871170052146,0.0
k_v,0.45,equal,1,3837.4120528962812,3000,2.969942004100418,False,False,0,0.0,0.003491228323768737,0.028827191716719568,218.53808480416558,3070.430698892136,0.0,579.8005509027226,-31.35728170273596,0.0
k_v,0.45,faster,0,4792.722128292189,3000,2.7807482023801033,False,False,1,0.0,0.00315484940153776,0.02991485216621641,204.62292502964482,4113.611399358976,0.0,515.2820925435879,-40.794288640011516,0.0
k_v,0.45,faster,1,7490.1893081840635,3000,3.7746248687046355,False,False,0,0.0,0.005407277813573394,0.036356070817010325,277.7025411116625,5564.696163505875,0.0,1669.3832701820918,-21.59266661557816,0.0
k_v,0.6,slower,0,2620.1410708465028,3000,4.0772549435191525,False,False,2,0.0003333333333333333,0.006470958123695049,0.0783400453316479,300.0268621887768,1818.6994635224191,14.0,509.0876789963389,-21.672933861038874,0.0
k_v,0.6,slower,1,1543.3683358277558,1687,2.3220501134053584,True,False,1,0.0,0.006565589606030877,0.04032195681352201,166.08638888242157,1040.7966486867685,7.0,338.80287950634215,-9.317581247777698,0.0
k_v,0.6,equal,0,6611.462858064382,3000,3.999141438413752,False,False,1,0.0,0.0063489947882646195,0.04631850963741806,294.2205365274667,4144.497029664936,10.0,2183.0092547011477,-20.263962829183157,0.0
k_v,0.6,equal,1,5889.3285093711065,2572,3.622378724377557,True,False,1,0.0,0.007514884506562035,0.06418118660399229,261.79065323092584,3786.0743775436463,10.0,1854.824595169687,-23.36111657313664,0.0
k_v,0.6,faster,0,7649.821482002355,3000,4.404923704623355,False,False,1,0.0,0.0074262981692567315,0.049631266848467345,324.15314640215774,6522.797907085571,0.0,815.5377169308482,-12.667288416244324,0.0
k_v,0.6,faster,1,7579.819317996473,3000,3.798017067979317,False,False,0,0.0,0.005751916680560429,0.057576594573915146,279.50450424793377,5639.556807067139,0.0,1690.1085431432175,-29.350536461814084,0.0
k_v,0.75,slower,0,1812.9659928203203,1776,2.617569646307399,True,False,2,0.0,0.008143894087669109,0.06731245148479162,188.11038277015314,1179.490018637981,14.0,441.33077487551145,-9.965183463323731,0.0
k_v,0.75,slower,1,1151.439580115465,1111,1.61455598067427,True,False,1,0.004500450045004501,0.007925961760740789,0.15546287020625787,114.63033043563263,727.9110299588689,7.0,306.5406488106088,-4.642429089643559,0.0
k_v,0.75,equal,0,1264.058551175686,483,0.6173790936271751,True,False,1,0.0,0.006717733477927133,0.06126029833130242,40.950059974857716,668.0507927983259,10.0,548.1922701067202,-3.134571704216804,0.0
k_v,0.75,equal,1,3385.776668251401,1685,2.6210922259101626,True,False,1,0.0,0.008570203340955446,0.060419714850254165,188.11038277015348,2732.4857535901356,10.0,461.43969506741934,-6.259163176304643,0.0
k_v,0.75,faster,0,8140.788150449094,2836,4.616266818196062,True,False,1,0.0,0.009898289285193774,0.08389481593576463,335.37081462857884,6917.283129117585,0.0,899.8809409709925,-11.746734268046136,0.0
k_v,0.75,faster,1,8155.436482710512,2882,4.615837396721554,True,False,1,0.0,0.009208307496248992,0.0833746981239875,335.3708146285821,6890.7742676873895,0.0,938.3293986322067,-9.037998237638508,0.0
k_v,0.9,slower,0,1137.3369349475652,1031,1.6155514093744912,True,False,1,0.0,0.009168448449422929,0.06963220415492762,114.63033043563237,734.9350236661679,7.0,283.3355340560072,-2.5639532102430747,0.0
k_v,0.9,slower,1,1132.7864230373314,1028,1.6144188580727026,True,False,1,0.0,0.009305531334988614,0.07460615854545762,114.5302213725062,733.1154871260976,7.0,280.4407355648183,-2.300021026092189,0.0
k_v,0.9,equal,0,1155.252594464523,458,0.6212395312016167,True,False,1,0.0,0.006846352240167839,0.06841616092199135,41.05016903798377,658.0094197394573,10.0,448.40498209338114,-2.2119764063004195,0.0
k_v,0.9,equal,1,1104.0384779518288,456,0.61860361548705,True,False,1,0.0021929824561403508,0.007029941570175735,0.0989791341459043,40.95005997485772,654.823015578748,10.0,400.41627679525385,-2.150874397030128,0.0
k_v,0.9,faster,0,2570.249727626385,922,1.4764838548968222,True,False,1,0.004338394793926247,0.01088766125569786,0.2982560622313199,105.01986037553122,2262.455845497779,0.0,207.99456914497154,-5.2205473918945,0.0
k_v,0.9,faster,1,2779.7775624522537,1040,1.6360633288510182,True,False,1,0.0,0.009768787740487573,0.0813142728873531,115.83163919314504,2489.192791920931,0.0,178.96695788554183,-4.213826547363529,0.0
q_c,0.5,slower,0,2508.747630994657,3000,3.6238155355640305,False,False,2,0.0,0.0049519667441957575,0.028563346444942645,266.59043510466864,1604.231145508073,14.0,645.4039241471505,-21.47787376524295,0.0
q_c,0.5,slower,1,2616.835466929502,3000,3.735970821352946,False,False,2,0.0,0.005286120987829867,0.0318851466780382,274.8994873441324,1651.070471903767,14.0,699.1924262155494,-22.326918533958587,0.0
q_c,0.5,equal,0,3669.127593934899,1177,1.3188308280895458,False,True,1,0.0,0.004182419547094562,0.02750861042710227,97.0056821691449,1370.5497255888554,10.0,2215.432870383817,-8.860684206918016,-15.0
q_c,0.5,equal,1,5267.8611166943165,3000,3.5067380582624916,False,False,1,0.0,0.004638398061163908,0.02853020959787356,257.98105567582667,3628.5693170465624,10.0,1395.9671826153153,-24.65643864339805,0.0
q_c,0.5,faster,0,5500.466671707879,3000,3.2637233352139865,False,False,1,0.0,0.003915119745106778,0.02855134644228044,240.16164243939073,4809.537857225986,0.0,477.1109864617955,-26.34381441929985,0.0
q_c,0.5,faster,1,6211.865466063235,3000,3.4577326747532626,False,False,0,0.0,0.004438035926709245,0.029513712876930394,254.3771294032886,5084.563262972982,0.0,899.3558209765993,-26.430747289622246,0.0
q_c,0.8,slower,0,2412.563922795944,3000,3.49620203252048,False,False,2,0.0,0.004667008489155896,0.03495746093688212,257.28029223394446,1548.0723820905755,14.0,614.0106208628279,-20.799372391403548,0.0
q_c,0.8,slower,1,2016.5867283292137,3000,3.1669083175377217,False,False,1,0.0,0.0037314018751525247,0.026844569075942015,233.05389895744182,1401.5717972399023,7.0,400.0820167432584,-25.120984611397976,0.0
q_c,0.8,equal,0,3891.7942764308264,3000,3.2663473394263822,False,False,0,0.0,0.003930266877999824,0.030202114739642637,240.36186056564281,3372.1679607961323,0.0,305.65901776697956,-26.394562697941996,0.0
q_c,0.8,equal,1,3532.9238819141756,3000,3.1608101716384795,False,False,0,0.0,0.003879659547329612,0.029076536772184452,232.55335364181178,3265.343833035449,0.0,66.73124579003083,-31.704550553133632,0.0
q_c,0.8,faster,0,6212.082214161786,3000,3.492941264763499,False,False,0,0.0,0.004617559062687625,0.03820219998104436,256.979965044566,5151.751972130234,0.0,827.8238451610683,-24.473568174102798,0.0
q_c,0.8,faster,1,6032.910767554078,3000,3.4170695614583115,False,False,0,0.0,0.004298474995546323,0.0307823022586448,251.47396657263337,5031.174347744322,0.0,777.1519032975181,-26.889450060428224,0.0
q_c,1.0,slower,0,2087.380717453803,3000,3.3078078149194305,False,False,1,0.0,0.0040723380188546175,0.028427611866755815,243.4652415225501,1465.5590862975105,7.0,402.10582621829616,-30.749436584557174,0.0
q_c,1.0,slower,1,2605.04552295021,3000,3.9136651870435397,False,False,2,0.0,0.006150288065992884,0.045297992676608764,288.01377461364837,1734.576145134861,14.0,593.3038824953986,-24.84827929370219,0.0
q_c,1.0,equal,0,3933.13187456948,3000,3.2248493453376286,False,False,0,0.0,0.0039477648820927195,0.026889280296613288,237.25847960873554,3331.0336438006234,0.0,395.4156223301625,-30.575871170052146,0.0
q_c,1.0,equal,1,3837.4120528962812,3000,2.969942004100418,False,False,0,0.0,0.003491228323768737,0.028827191716719568,218.53808480416558,3070.430698892136,0.0,579.8005509027226,-31.35728170273596,0.0
q_c,1.0,faster,0,4792.722128292189,3000,2.7807482023801033,False,False,1,0.0,0.00315484940153776,0.02991485216621641,204.62292502964482,4113.611399358976,0.0,515.2820925435879,-40.794288640011516,0.0
q_c,1.0,faster,1,7490.1893081840635,3000,3.7746248687046355,False,False,0,0.0,0.005407277813573394,0.036356070817010325,277.7025411116625,5564.696163505875,0.0,1669.3832701820918,-21.59266661557816,0.0
q_c,1.4,slower,0,2045.980879484066,3000,3.243563975632221,False,False,1,0.0,0.003952420519107089,0.029708468872233357,238.66000649250012,1437.942970641013,7.0,396.6034199616642,-34.22551761111427,0.0
q_c,1.4,slower,1,2599.4728246079517,3000,3.823075534963282,False,False,2,0.0,0.005769922373673923,0.041303934605569824,281.3064673842009,1695.2029269306897,14.0,638.3376802606834,-29.374249967630885,0.0
q_c,1.4,equal,0,3575.3586531784435,3000,2.9678546485561883,False,False,0,0.0,0.0035845993721096486,0.032560687255493805,218.33786667791344,3067.8868814833345,0.0,340.3944295632315,-51.26052454602937,0.0
q_c,1.4,equal,1,3560.5640069349092,3000,3.195778121077194,False,False,0,0.0,0.00387029110914118,0.02537455128127869,235.15618928308868,3302.283542225077,0.0,52.59670927067082,-29.472433843925703,0.0
q_c,1.4,faster,0,5978.831990879117,3000,3.3816803703200304,False,False,0,0.0,0.004309392706451876,0.03128476309122311,248.87113093135633,4984.801440762818,0.0,775.7938621926234,-30.634443007682698,0.0
q_c,1.4,faster,1,4395.586381715313,2612,2.628824568751694,True,False,1,0.0,0.003581107152982404,0.030984091449074304,188.2104918332761,3884.0079198922554,0.0,352.68392845589403,-29.31595846610445,0.0
q_c,2.0,slower,0,1968.8691411412858,3000,3.1097252716999892,False,False,1,0.0,0.0038169357683034816,0.02732016686557241,228.8493183061481,1380.1967547762565,7.0,394.02509868121683,-41.20203062234412,0.0
q_c,2.0,slower,1,1967.0635380553415,3000,3.101954750049062,False,False,1,0.0,0.0037202443595762873,0.02741230540197051,228.24866392739185,1373.3560352378493,7.0,399.78168955388026,-41.32285066377848,0.0
q_c,2.0,equal,0,7504.165936472779,3000,3.338715810092697,False,False,1,0.0,0.004444288381709099,0.030149284962922115,245.667640911323,3473.9195350008845,10.0,3809.434811873436,-34.85605131291709,0.0
q_c,2.0,equal,1,4297.437840484496,3000,2.9858926588117187,False,False,0,0.0,0.0035170624960482347,0.030757062648613134,219.73939356167824,3088.942143648775,0.0,1025.2475980889383,-36.491294814888754,0.0
q_c,2.0,faster,0,7336.6902332039535,3000,3.6930930079380144,False,False,0,0.0,0.005056971767369089,0.03447147019504302,271.6959973240987,5450.12466213065,0.0,1634.754299677282,-19.88472592810238,0.0
q_c,2.0,faster,1,7516.011056008354,3000,3.782781230686277,False,False,0,0.0,0.005379972907016247,0.02811826753146193,278.303195490419,5582.400574469906,0.0,1674.453045370359,-19.145759322311164,0.0
