# x_m, y_m, w_tr_right_m, w_tr_left_m
# ICRA 2025 competition track, car10 map. Centreline extracted from the ROS
# occupancy grid beside this file by tools/centerline_from_map.py.
# lap 106.9 m, 800 points, closure gap 0.15 m, 100% of the centreline inside the corridor.
-6.59167, 0.25833, 0.63246, 0.63246
-6.44134, 0.27500, 0.60208, 0.60208
-6.30768, 0.27500, 0.60000, 0.60000
-6.18092, 0.25833, 0.60000, 0.60000
-6.05416, 0.24167, 0.60208, 0.60208
-5.92740, 0.22500, 0.60000, 0.60000
-5.79374, 0.22500, 0.60000, 0.60000
-5.66007, 0.22500, 0.60000, 0.60000
-5.52641, 0.22500, 0.60000, 0.60000
-5.39275, 0.22500, 0.60000, 0.60000
-5.25909, 0.22500, 0.60000, 0.60000
-5.12543, 0.22500, 0.57009, 0.57009
-4.99867, 0.20833, 0.55000, 0.55000
-4.87191, 0.19167, 0.60000, 0.60000
-4.74515, 0.17500, 0.60000, 0.60000
-4.61149, 0.17500, 0.60000, 0.60000
-4.48473, 0.15833, 0.55902, 0.55902
-4.35797, 0.14167, 0.60000, 0.60000
-4.23121, 0.12500, 0.60000, 0.60000
-4.09755, 0.12500, 0.60000, 0.60000
-3.96389, 0.12500, 0.60000, 0.60000
-3.83022, 0.12500, 0.60000, 0.60000
-3.69656, 0.12500, 0.60000, 0.60000
-3.56290, 0.12500, 0.57009, 0.57009
-3.42924, 0.12500, 0.55000, 0.55000
-3.29685, 0.12192, 0.55000, 0.55000
-3.17009, 0.10525, 0.55000, 0.55000
-3.04333, 0.08858, 0.55000, 0.55000
-2.91530, 0.07500, 0.55902, 0.55902
-2.78164, 0.07500, 0.57009, 0.57009
-2.64902, 0.07248, 0.55000, 0.55000
-2.52226, 0.05581, 0.55000, 0.55000
-2.39550, 0.03915, 0.57009, 0.57009
-2.26770, 0.02500, 0.60000, 0.60000
-2.14094, 0.00833, 0.55902, 0.55902
-2.01418, -0.00833, 0.60000, 0.60000
-1.88742, -0.02500, 0.60000, 0.60000
-1.75424, -0.02616, 0.60000, 0.60000
-1.62748, -0.04282, 0.55902, 0.55902
-1.50072, -0.05949, 0.55000, 0.55000
-1.37348, -0.07500, 0.55000, 0.55000
-1.23982, -0.07500, 0.55000, 0.55000
-1.10616, -0.07500, 0.55227, 0.55227
-0.97250, -0.07500, 0.55000, 0.55000
-0.84565, -0.09146, 0.50990, 0.50990
-0.71889, -0.10813, 0.55000, 0.55000
-0.59213, -0.12479, 0.55000, 0.55000
-0.45856, -0.12500, 0.55000, 0.55000
-0.32489, -0.12500, 0.55000, 0.55000
-0.19123, -0.12500, 0.55000, 0.55000
-0.05757, -0.12500, 0.55000, 0.55000
0.07609, -0.12500, 0.53852, 0.53852
0.20976, -0.12500, 0.50249, 0.50249
0.34342, -0.12500, 0.50000, 0.50000
0.47708, -0.12500, 0.50000, 0.50000
0.61074, -0.12500, 0.50000, 0.50000
0.74440, -0.12500, 0.50000, 0.50000
0.87807, -0.12500, 0.50000, 0.50000
1.00974, -0.12981, 0.50000, 0.50000
1.13650, -0.14647, 0.50000, 0.50000
1.26326, -0.16314, 0.55000, 0.55000
1.38510, -0.19167, 0.55000, 0.55000
1.51053, -0.21154, 0.55902, 0.55902
1.62348, -0.26154, 0.58523, 0.58523
1.73460, -0.31598, 0.60828, 0.60828
1.81472, -0.40669, 0.70000, 0.70000
1.86277, -0.51183, 0.65000, 0.65000
1.87500, -0.64043, 0.65000, 0.65000
1.87500, -0.77409, 0.61847, 0.61847
1.87500, -0.90775, 0.60000, 0.60000
1.87500, -1.04141, 0.60000, 0.60000
1.87500, -1.17508, 0.60000, 0.60000
1.87500, -1.30874, 0.60828, 0.60828
1.87500, -1.44240, 0.63246, 0.63246
1.88318, -1.57267, 0.69462, 0.69462
1.91109, -1.69478, 0.71589, 0.71589
1.97050, -1.80383, 0.75000, 0.75000
2.05323, -1.90323, 0.73824, 0.73824
2.15012, -1.99199, 0.70711, 0.70711
2.25928, -2.05115, 0.71063, 0.71063
2.37537, -2.09357, 0.65192, 0.65192
2.49679, -2.12312, 0.65000, 0.65000
2.61743, -2.15455, 0.65765, 0.65765
2.73919, -2.18331, 0.65000, 0.65000
2.86438, -2.20376, 0.70000, 0.70000
2.99114, -2.22042, 0.70000, 0.70000
3.11600, -2.20833, 0.70178, 0.70178
3.23841, -2.18117, 0.66708, 0.66708
3.35827, -2.14784, 0.67082, 0.67082
3.47613, -2.10969, 0.71589, 0.71589
3.58529, -2.05054, 0.70000, 0.70000
3.67217, -1.96117, 0.60000, 0.60000
3.73402, -1.85312, 0.55227, 0.55227
3.78139, -1.73908, 0.53852, 0.53852
3.82877, -1.62504, 0.54083, 0.54083
3.88523, -1.51477, 0.53151, 0.53151
3.95154, -1.40857, 0.55902, 0.55902
4.02248, -1.30430, 0.57009, 0.57009
4.11454, -1.22743, 0.62650, 0.62650
4.21738, -1.16731, 0.62650, 0.62650
4.33630, -1.13173, 0.63246, 0.63246
4.45616, -1.09839, 0.65192, 0.65192
4.57601, -1.06506, 0.65000, 0.65000
4.69998, -1.04167, 0.70000, 0.70000
4.82674, -1.02500, 0.70000, 0.70000
4.95350, -1.04167, 0.70178, 0.70178
5.07713, -1.06588, 0.66708, 0.66708
5.19699, -1.09921, 0.69642, 0.69642
5.31119, -1.14620, 0.72111, 0.72111
5.40368, -1.22202, 0.65192, 0.65192
5.48690, -1.32023, 0.61847, 0.61847
5.53992, -1.43194, 0.60000, 0.60000
5.57321, -1.55181, 0.57009, 0.57009
5.57500, -1.68473, 0.53852, 0.53852
5.59167, -1.81149, 0.50249, 0.50249
5.60833, -1.93825, 0.55000, 0.55000
5.63058, -2.06270, 0.55000, 0.55000
5.64725, -2.18945, 0.55000, 0.55000
5.69226, -2.30447, 0.60000, 0.60000
5.76729, -2.39889, 0.70178, 0.70178
5.86353, -2.48293, 0.80623, 0.80623
5.96781, -2.55387, 0.83217, 0.83217
6.07776, -2.61110, 0.82765, 0.82765
6.19606, -2.64819, 0.78262, 0.78262
6.31562, -2.68223, 0.77621, 0.77621
6.43455, -2.71782, 0.80623, 0.80623
6.55440, -2.75115, 0.85000, 0.85000
6.68116, -2.76782, 0.85000, 0.85000
6.81185, -2.77500, 0.85000, 0.85000
6.93861, -2.75833, 0.85000, 0.85000
7.05846, -2.72500, 0.81394, 0.81394
7.17050, -2.67279, 0.79057, 0.79057
7.28127, -2.61753, 0.78262, 0.78262
7.38590, -2.54744, 0.73824, 0.73824
7.47351, -2.45983, 0.68007, 0.68007
7.54445, -2.35555, 0.65000, 0.65000
7.60361, -2.24639, 0.57009, 0.57009
7.65098, -2.13235, 0.55000, 0.55000
7.70811, -2.02235, 0.50249, 0.50249
7.74552, -1.90419, 0.52202, 0.52202
7.79167, -1.78964, 0.51478, 0.51478
7.82928, -1.67156, 0.51478, 0.51478
7.88662, -1.56164, 0.51478, 0.51478
7.96367, -1.46966, 0.55902, 0.55902
8.06105, -1.40562, 0.55902, 0.55902
8.17704, -1.36296, 0.57009, 0.57009
8.29429, -1.32334, 0.60208, 0.60208
8.41483, -1.29167, 0.65000, 0.65000
8.54159, -1.27500, 0.65000, 0.65000
8.66835, -1.29167, 0.66708, 0.66708
8.79053, -1.31938, 0.65000, 0.65000
8.89967, -1.37860, 0.65192, 0.65192
8.99526, -1.45571, 0.60000, 0.60000
9.05088, -1.56634, 0.50000, 0.50000
9.07500, -1.69001, 0.50000, 0.50000
9.07500, -1.82367, 0.50000, 0.50000
9.07500, -1.95734, 0.50000, 0.50000
9.07500, -2.09100, 0.50000, 0.50000
9.07500, -2.22466, 0.50000, 0.50000
9.07500, -2.35832, 0.50000, 0.50000
9.07500, -2.49198, 0.50249, 0.50249
9.07500, -2.62565, 0.53852, 0.53852
9.07076, -2.75755, 0.55000, 0.55000
9.05410, -2.88431, 0.55000, 0.55000
9.02221, -3.00477, 0.55902, 0.55902
8.99311, -3.12638, 0.53852, 0.53852
8.97380, -3.25204, 0.57009, 0.57009
8.95569, -3.37820, 0.55227, 0.55227
8.93903, -3.50496, 0.60000, 0.60000
8.91522, -3.62876, 0.57009, 0.57009
8.89856, -3.75552, 0.60000, 0.60000
8.86522, -3.87538, 0.60000, 0.60000
8.84142, -3.99918, 0.65000, 0.65000
8.80479, -4.11767, 0.65000, 0.65000
8.77146, -4.23753, 0.69642, 0.69642
8.72170, -4.35058, 0.70711, 0.70711
8.67433, -4.46462, 0.74330, 0.74330
8.60882, -4.57115, 0.76485, 0.76485
8.52847, -4.67153, 0.85147, 0.85147
8.42908, -4.75426, 0.92195, 0.92195
8.32968, -4.83698, 0.93941, 0.93941
8.22541, -4.90793, 0.98489, 0.98489
8.12113, -4.97887, 0.98489, 0.98489
8.01197, -5.03803, 0.99624, 0.99624
7.89848, -5.08674, 1.01119, 1.01119
7.78373, -5.09906, 0.98234, 0.98234
7.66082, -5.09167, 0.96177, 0.96177
7.53406, -5.07500, 0.91924, 0.91924
7.40730, -5.05833, 0.88600, 0.88600
7.28054, -5.04167, 0.80623, 0.80623
7.15914, -5.01206, 0.80000, 0.80000
7.03238, -4.99540, 0.75000, 0.75000
6.90577, -4.97838, 0.75000, 0.75000
6.78055, -4.95798, 0.75000, 0.75000
6.65380, -4.94131, 0.70000, 0.70000
6.52999, -4.91751, 0.70000, 0.70000
6.40323, -4.90084, 0.70711, 0.70711
6.27647, -4.88418, 0.69642, 0.69642
6.15352, -4.85833, 0.70178, 0.70178
6.02920, -4.83577, 0.68007, 0.68007
5.90934, -4.80244, 0.71589, 0.71589
5.78949, -4.76911, 0.71589, 0.71589
5.67057, -4.73352, 0.72111, 0.72111
5.55535, -4.68899, 0.71589, 0.71589
5.43652, -4.65319, 0.69642, 0.69642
5.32019, -4.61133, 0.71589, 0.71589
5.20260, -4.57253, 0.72801, 0.72801
5.08856, -4.52516, 0.73824, 0.73824
4.97561, -4.47516, 0.74330, 0.74330
4.86512, -4.41921, 0.76158, 0.76158
4.75596, -4.36006, 0.77621, 0.77621
4.64992, -4.29339, 0.82006, 0.82006
4.54140, -4.23267, 0.80623, 0.80623
4.43713, -4.16172, 0.80777, 0.80777
4.32418, -4.11172, 0.82462, 0.82462
4.20432, -4.07839, 0.82765, 0.82765
4.07206, -4.07500, 0.77621, 0.77621
3.93840, -4.07500, 0.75166, 0.75166
3.80474, -4.07500, 0.72801, 0.72801
3.67108, -4.07500, 0.68007, 0.68007
3.53741, -4.07500, 0.65000, 0.65000
3.40375, -4.07500, 0.61847, 0.61847
3.27386, -4.06591, 0.60000, 0.60000
3.14710, -4.04924, 0.55000, 0.55000
3.02034, -4.03257, 0.55000, 0.55000
2.88981, -4.02500, 0.55000, 0.55000
2.76305, -4.00833, 0.55000, 0.55000
2.63630, -3.99167, 0.50000, 0.50000
2.50954, -3.97500, 0.50990, 0.50990
2.37908, -3.96727, 0.55902, 0.55902
2.25232, -3.95061, 0.52202, 0.52202
2.13246, -3.91727, 0.55000, 0.55000
2.01631, -3.87500, 0.58310, 0.58310
1.89697, -3.84042, 0.58523, 0.58523
1.77712, -3.80708, 0.55902, 0.55902
1.65054, -3.78996, 0.57009, 0.57009
1.53017, -3.75788, 0.55000, 0.55000
1.40815, -3.72977, 0.60000, 0.60000
1.29411, -3.68240, 0.65000, 0.65000
1.18116, -3.63240, 0.66708, 0.66708
1.06347, -3.59384, 0.70178, 0.70178
0.94452, -3.55833, 0.70000, 0.70000
0.82108, -3.53365, 0.72801, 0.72801
0.70122, -3.50032, 0.70711, 0.70711
0.58137, -3.46699, 0.75000, 0.75000
0.46244, -3.43140, 0.80000, 0.80000
0.34811, -3.38474, 0.85000, 0.85000
0.23992, -3.32325, 0.90000, 0.90000
0.16685, -3.22961, 0.88600, 0.88600
0.11351, -3.11805, 0.86313, 0.86313
0.07792, -2.99913, 0.85440, 0.85440
0.03957, -2.88135, 0.85000, 0.85000
0.00624, -2.76149, 0.89443, 0.89443
-0.02935, -2.64257, 0.89443, 0.89443
-0.07434, -2.52754, 0.89443, 0.89443
-0.11799, -2.41196, 0.90139, 0.90139
-0.16536, -2.29792, 0.91241, 0.91241
-0.21536, -2.18497, 0.91924, 0.91924
-0.28631, -2.08070, 0.93408, 0.93408
-0.37392, -1.99309, 1.01119, 1.01119
-0.46129, -1.90538, 1.00000, 1.00000
-0.54981, -1.81998, 0.90139, 0.90139
-0.64651, -1.75430, 0.86313, 0.86313
-0.76113, -1.70833, 0.85000, 0.85000
-0.88789, -1.69167, 0.80000, 0.80000
-1.01465, -1.67500, 0.80000, 0.80000
-1.14831, -1.67500, 0.80000, 0.80000
-1.28197, -1.67500, 0.80000, 0.80000
-1.41564, -1.67500, 0.80000, 0.80000
-1.54930, -1.67500, 0.80000, 0.80000
-1.68296, -1.67500, 0.77621, 0.77621
-1.81662, -1.67500, 0.75166, 0.75166
-1.95029, -1.67500, 0.75000, 0.75000
-2.08395, -1.67500, 0.75000, 0.75000
-2.21761, -1.67500, 0.75000, 0.75000
-2.35127, -1.67500, 0.75664, 0.75664
-2.48493, -1.67500, 0.77621, 0.77621
-2.61860, -1.67500, 0.80000, 0.80000
-2.75226, -1.67500, 0.80000, 0.80000
-2.88592, -1.67500, 0.80000, 0.80000
-3.01958, -1.67500, 0.81394, 0.81394
-3.15325, -1.67500, 0.85000, 0.85000
-3.28246, -1.68574, 0.85000, 0.85000
-3.40922, -1.70241, 0.90000, 0.90000
-3.53186, -1.72902, 0.90000, 0.90000
-3.65616, -1.75161, 0.95000, 0.95000
-3.77602, -1.78494, 0.95000, 0.95000
-3.89309, -1.82500, 1.00000, 1.00000
-4.01294, -1.85833, 1.05000, 1.05000
-4.13970, -1.87500, 1.05000, 1.05000
-4.27336, -1.87500, 1.05000, 1.05000
-4.40703, -1.87500, 1.05000, 1.05000
-4.54069, -1.87500, 1.05000, 1.05000
-4.67435, -1.87500, 1.05000, 1.05000
-4.80801, -1.87500, 1.05000, 1.05000
-4.94168, -1.87500, 1.05000, 1.05000
-5.07534, -1.87500, 1.05000, 1.05000
-5.20900, -1.87500, 1.05000, 1.05000
-5.34266, -1.87500, 1.05000, 1.05000
-5.47633, -1.87500, 1.05000, 1.05000
-5.60308, -1.89167, 1.05000, 1.05000
-5.72984, -1.90833, 1.10000, 1.10000
-5.84970, -1.90833, 1.10000, 1.10000
-5.96955, -1.87500, 1.05000, 1.05000
-6.08539, -1.83196, 0.98234, 0.98234
-6.20524, -1.79863, 0.90554, 0.90554
-6.32831, -1.77306, 0.90000, 0.90000
-6.45219, -1.74943, 0.85000, 0.85000
-6.57895, -1.73276, 0.85000, 0.85000
-6.70763, -1.72074, 0.85000, 0.85000
-6.83439, -1.70408, 0.85000, 0.85000
-6.96115, -1.68741, 0.80000, 0.80000
-7.08967, -1.67500, 0.80000, 0.80000
-7.21643, -1.65833, 0.80000, 0.80000
-7.34319, -1.64167, 0.75000, 0.75000
-7.46995, -1.62500, 0.75000, 0.75000
-7.59671, -1.60833, 0.75000, 0.75000
-7.72346, -1.59167, 0.70178, 0.70178
-7.85022, -1.57500, 0.72801, 0.72801
-7.98389, -1.57500, 0.75000, 0.75000
-8.11755, -1.57500, 0.71589, 0.71589
-8.24537, -1.58911, 0.70178, 0.70178
-8.36522, -1.58911, 0.70000, 0.70000
-8.48508, -1.58911, 0.70000, 0.70000
-8.60387, -1.59167, 0.70000, 0.70000
-8.73063, -1.60833, 0.70000, 0.70000
-8.85739, -1.62500, 0.68007, 0.68007
-8.99105, -1.62500, 0.65765, 0.65765
-9.12471, -1.62500, 0.65000, 0.65000
-9.25838, -1.62500, 0.65000, 0.65000
-9.39204, -1.62500, 0.65000, 0.65000
-9.52570, -1.62500, 0.65000, 0.65000
-9.65936, -1.62500, 0.65000, 0.65000
-9.79286, -1.62540, 0.65000, 0.65000
-9.91962, -1.64206, 0.63246, 0.63246
-10.04638, -1.65873, 0.65765, 0.65765
-10.16640, -1.69167, 0.65000, 0.65000
-10.29316, -1.70833, 0.70000, 0.70000
-10.41301, -1.74167, 0.68007, 0.68007
-10.53977, -1.75833, 0.70711, 0.70711
-10.65963, -1.79167, 0.68007, 0.68007
-10.77948, -1.82500, 0.69642, 0.69642
-10.89923, -1.85859, 0.71589, 0.71589
-11.01909, -1.89193, 0.69642, 0.69642
-11.13894, -1.92526, 0.71589, 0.71589
-11.25298, -1.97263, 0.72801, 0.72801
-11.36593, -2.02263, 0.75664, 0.75664
-11.47888, -2.07263, 0.77621, 0.77621
-11.59085, -2.12500, 0.78262, 0.78262
-11.70461, -2.17306, 0.78262, 0.78262
-11.81710, -2.22417, 0.79057, 0.79057
-11.92833, -2.27833, 0.80777, 0.80777
-12.03749, -2.33749, 0.82462, 0.82462
-12.12998, -2.41331, 0.87321, 0.87321
-12.19402, -2.51069, 0.89022, 0.89022
-12.23680, -2.62663, 0.87464, 0.87464
-12.27239, -2.74555, 0.87321, 0.87321
-12.31977, -2.85959, 0.87321, 0.87321
-12.35310, -2.97944, 0.90554, 0.90554
-12.39058, -3.09758, 0.90000, 0.90000
-12.40833, -3.22389, 0.95000, 0.95000
-12.42500, -3.35065, 0.95000, 0.95000
-12.42500, -3.48431, 0.95000, 0.95000
-12.40833, -3.61107, 0.95525, 0.95525
-12.38234, -3.73396, 0.92195, 0.92195
-12.34900, -3.85382, 0.91924, 0.91924
-12.32380, -3.97704, 0.96177, 0.96177
-12.28822, -4.09596, 0.97082, 0.97082
-12.22846, -4.20487, 1.02591, 1.02591
-12.14573, -4.30427, 1.02591, 1.02591
-12.04634, -4.38700, 0.99247, 0.99247
-11.94315, -4.46057, 0.93408, 0.93408
-11.83887, -4.53152, 0.91924, 0.91924
-11.72828, -4.58720, 0.90000, 0.90000
-11.61315, -4.63194, 0.85000, 0.85000
-11.49423, -4.66753, 0.80000, 0.80000
-11.37674, -4.70659, 0.75000, 0.75000
-11.25907, -4.74519, 0.75000, 0.75000
-11.13322, -4.76406, 0.71589, 0.71589
-11.00942, -4.78786, 0.74330, 0.74330
-10.88266, -4.80453, 0.71589, 0.71589
-10.76281, -4.83786, 0.74330, 0.74330
-10.63762, -4.85833, 0.70711, 0.70711
-10.51553, -4.88627, 0.72801, 0.72801
-10.38877, -4.90293, 0.70000, 0.70000
-10.26201, -4.91960, 0.70000, 0.70000
-10.13749, -4.94167, 0.70000, 0.70000
-10.01073, -4.95833, 0.66708, 0.66708
-9.88397, -4.97500, 0.70000, 0.70000
-9.75113, -4.97697, 0.70000, 0.70000
-9.62437, -4.99364, 0.66708, 0.66708
-9.49761, -5.01030, 0.65000, 0.65000
-9.37003, -5.02500, 0.65000, 0.65000
-9.23637, -5.02500, 0.65000, 0.65000
-9.10271, -5.02500, 0.65000, 0.65000
-8.96905, -5.02500, 0.65000, 0.65000
-8.83539, -5.02500, 0.65000, 0.65000
-8.70172, -5.02500, 0.65000, 0.65000
-8.57496, -5.04167, 0.65000, 0.65000
-8.44821, -5.05833, 0.65000, 0.65000
-8.32145, -5.07500, 0.65000, 0.65000
-8.18778, -5.07500, 0.65000, 0.65000
-8.05412, -5.07500, 0.65000, 0.65000
-7.92046, -5.07500, 0.65000, 0.65000
-7.78680, -5.07500, 0.65000, 0.65000
-7.65314, -5.07500, 0.65000, 0.65000
-7.51947, -5.07500, 0.65000, 0.65000
-7.38581, -5.07500, 0.65000, 0.65000
-7.25215, -5.07500, 0.65000, 0.65000
-7.11849, -5.07500, 0.65192, 0.65192
-6.98482, -5.07500, 0.68007, 0.68007
-6.85806, -5.05833, 0.68007, 0.68007
-6.73131, -5.04167, 0.68007, 0.68007
-6.61145, -5.00833, 0.70000, 0.70000
-6.48636, -4.98764, 0.72801, 0.72801
-6.36943, -4.94724, 0.70000, 0.70000
-6.24958, -4.91390, 0.71589, 0.71589
-6.12806, -4.88459, 0.69642, 0.69642
-6.00425, -4.86079, 0.71589, 0.71589
-5.87977, -4.83864, 0.71589, 0.71589
-5.76344, -4.79678, 0.72801, 0.72801
-5.64461, -4.76099, 0.75000, 0.75000
-5.52248, -4.73313, 0.75664, 0.75664
-5.39219, -4.72500, 0.75166, 0.75166
-5.26342, -4.71318, 0.74330, 0.74330
-5.13666, -4.69652, 0.75166, 0.75166
-5.00990, -4.67985, 0.75000, 0.75000
-4.87825, -4.67500, 0.75000, 0.75000
-4.74459, -4.67500, 0.75000, 0.75000
-4.61092, -4.67500, 0.75000, 0.75000
-4.47726, -4.67500, 0.75000, 0.75000
-4.35050, -4.69167, 0.75166, 0.75166
-4.22374, -4.70833, 0.72801, 0.72801
-4.09813, -4.72775, 0.75166, 0.75166
-3.97137, -4.74442, 0.76485, 0.76485
-3.85151, -4.77775, 0.74330, 0.74330
-3.73259, -4.81334, 0.72801, 0.72801
-3.61607, -4.85473, 0.70178, 0.70178
-3.50082, -4.89918, 0.71589, 0.71589
-3.39166, -4.95834, 0.66708, 0.66708
-3.28251, -5.01749, 0.65000, 0.65000
-3.17335, -5.07665, 0.63246, 0.63246
-3.06907, -5.14760, 0.62650, 0.62650
-2.96968, -5.23032, 0.60208, 0.60208
-2.87028, -5.31305, 0.55902, 0.55902
-2.76600, -5.38400, 0.57009, 0.57009
-2.66173, -5.45494, 0.54083, 0.54083
-2.56233, -5.53767, 0.56569, 0.56569
-2.46758, -5.63162, 0.57009, 0.57009
-2.36331, -5.70256, 0.58310, 0.58310
-2.25903, -5.77350, 0.60208, 0.60208
-2.15499, -5.84501, 0.60415, 0.60415
-2.05923, -5.93651, 0.66708, 0.66708
-1.95495, -6.00746, 0.70711, 0.70711
-1.84091, -6.05483, 0.67082, 0.67082
-1.72106, -6.08816, 0.63246, 0.63246
-1.59667, -6.11055, 0.65192, 0.65192
-1.46899, -6.12500, 0.65000, 0.65000
-1.33761, -6.11950, 0.65000, 0.65000
-1.21085, -6.10283, 0.65000, 0.65000
-1.08409, -6.08617, 0.60000, 0.60000
-0.95505, -6.07500, 0.60000, 0.60000
-0.82139, -6.07500, 0.60000, 0.60000
-0.69463, -6.05833, 0.60000, 0.60000
-0.56787, -6.04167, 0.55902, 0.55902
-0.44111, -6.02500, 0.60000, 0.60000
-0.30745, -6.02500, 0.60000, 0.60000
-0.18069, -6.04167, 0.58523, 0.58523
-0.05393, -6.05833, 0.55000, 0.55000
0.07283, -6.07500, 0.55000, 0.55000
0.20649, -6.07500, 0.55000, 0.55000
0.33325, -6.09167, 0.55000, 0.55000
0.46001, -6.10833, 0.50000, 0.50000
0.58676, -6.12500, 0.50249, 0.50249
0.72043, -6.12500, 0.52202, 0.52202
0.84796, -6.13979, 0.50249, 0.50249
0.97472, -6.15646, 0.53852, 0.53852
1.09458, -6.18979, 0.50990, 0.50990
1.21366, -6.22500, 0.53852, 0.53852
1.33007, -6.26665, 0.50990, 0.50990
1.44992, -6.29998, 0.52202, 0.52202
1.56978, -6.33331, 0.52202, 0.52202
1.68870, -6.36890, 0.50249, 0.50249
1.80855, -6.40223, 0.49244, 0.49244
1.92841, -6.43557, 0.49244, 0.49244
2.04733, -6.47116, 0.50990, 0.50990
2.16549, -6.50858, 0.50990, 0.50990
2.28535, -6.54191, 0.50000, 0.50000
2.41051, -6.56242, 0.50990, 0.50990
2.53897, -6.57500, 0.50000, 0.50000
2.66469, -6.59416, 0.46098, 0.46098
2.78225, -6.63304, 0.50000, 0.50000
2.89520, -6.68304, 0.55000, 0.55000
3.00924, -6.73041, 0.53852, 0.53852
3.12449, -6.77487, 0.53852, 0.53852
3.23744, -6.82487, 0.55902, 0.55902
3.35034, -6.87500, 0.55902, 0.55902
3.46805, -6.91351, 0.54083, 0.54083
3.58450, -6.95507, 0.53852, 0.53852
3.70435, -6.98840, 0.50249, 0.50249
3.81839, -7.03577, 0.53852, 0.53852
3.92785, -7.09421, 0.53852, 0.53852
4.04080, -7.14421, 0.55902, 0.55902
4.15481, -7.19167, 0.51478, 0.51478
4.27466, -7.22500, 0.52202, 0.52202
4.38512, -7.28103, 0.55227, 0.55227
4.49807, -7.33103, 0.58310, 0.58310
4.61088, -7.38137, 0.55902, 0.55902
4.72633, -7.42535, 0.55902, 0.55902
4.83928, -7.47535, 0.57009, 0.57009
4.95237, -7.52500, 0.55902, 0.55902
5.06532, -7.57500, 0.57009, 0.57009
5.17828, -7.62500, 0.55902, 0.55902
5.29123, -7.67500, 0.57009, 0.57009
5.40007, -7.73493, 0.55902, 0.55902
5.50611, -7.80160, 0.61847, 0.61847
5.60754, -7.87942, 0.62650, 0.62650
5.70694, -7.96215, 0.67082, 0.67082
5.79119, -8.05786, 0.67082, 0.67082
5.86213, -8.16213, 0.71589, 0.71589
5.91948, -8.27204, 0.72801, 0.72801
5.97376, -8.38322, 0.75664, 0.75664
6.02114, -8.49726, 0.80000, 0.80000
6.07033, -8.61055, 0.85000, 0.85000
6.11078, -8.72745, 0.90000, 0.90000
6.14798, -8.84571, 0.90139, 0.90139
6.18212, -8.96523, 0.97082, 0.97082
6.21771, -9.08415, 1.04403, 1.04403
6.25703, -9.18642, 1.12361, 1.12361
6.24643, -9.27831, 1.11803, 1.11803
6.19495, -9.36104, 1.09202, 1.09202
6.09580, -9.44438, 1.01242, 1.01242
5.99227, -9.51711, 0.88600, 0.88600
5.87568, -9.55833, 0.81394, 0.81394
5.74892, -9.57500, 0.80000, 0.80000
5.61526, -9.57500, 0.80000, 0.80000
5.48160, -9.57500, 0.73824, 0.73824
5.34793, -9.57500, 0.68007, 0.68007
5.21861, -9.56454, 0.65765, 0.65765
5.09185, -9.54787, 0.60000, 0.60000
4.96509, -9.53120, 0.60000, 0.60000
4.83400, -9.52500, 0.60000, 0.60000
4.70033, -9.52500, 0.60000, 0.60000
4.57357, -9.50833, 0.60208, 0.60208
4.44682, -9.49167, 0.58523, 0.58523
4.32006, -9.47500, 0.60000, 0.60000
4.19330, -9.45833, 0.60000, 0.60000
4.06654, -9.44167, 0.55902, 0.55902
3.93978, -9.42500, 0.60000, 0.60000
3.80637, -9.42440, 0.60000, 0.60000
3.67961, -9.40773, 0.60000, 0.60000
3.55285, -9.39107, 0.57009, 0.57009
3.42584, -9.37500, 0.60000, 0.60000
3.29867, -9.35933, 0.60000, 0.60000
3.17191, -9.34266, 0.60000, 0.60000
3.05131, -9.31112, 0.60000, 0.60000
2.92497, -9.29346, 0.57009, 0.57009
2.79821, -9.27679, 0.61847, 0.61847
2.66952, -9.26478, 0.60415, 0.60415
2.54338, -9.24662, 0.60208, 0.60208
2.42353, -9.21329, 0.60000, 0.60000
2.29944, -9.19018, 0.60000, 0.60000
2.17206, -9.17500, 0.60000, 0.60000
2.03840, -9.17500, 0.60000, 0.60000
1.90512, -9.17407, 0.60000, 0.60000
1.77836, -9.15741, 0.60000, 0.60000
1.65166, -9.14061, 0.60000, 0.60000
1.53142, -9.10821, 0.60208, 0.60208
1.40466, -9.09154, 0.57009, 0.57009
1.27785, -9.07500, 0.60000, 0.60000
1.15048, -9.05980, 0.60000, 0.60000
1.02372, -9.04314, 0.55000, 0.55000
0.89696, -9.02647, 0.57009, 0.57009
0.76391, -9.02500, 0.60000, 0.60000
0.63715, -9.00833, 0.60000, 0.60000
0.51039, -8.99167, 0.55902, 0.55902
0.38363, -8.97500, 0.60000, 0.60000
0.25570, -8.96117, 0.57009, 0.57009
0.12894, -8.94450, 0.55227, 0.55227
0.00218, -8.92783, 0.57009, 0.57009
-0.13031, -8.92500, 0.60000, 0.60000
-0.25707, -8.90833, 0.55902, 0.55902
-0.38035, -8.88328, 0.60000, 0.60000
-0.50021, -8.84995, 0.55902, 0.55902
-0.62696, -8.83328, 0.58523, 0.58523
-0.75720, -8.82500, 0.60000, 0.60000
-0.88396, -8.80833, 0.60000, 0.60000
-1.01071, -8.79167, 0.60208, 0.60208
-1.13297, -8.76413, 0.61847, 0.61847
-1.25973, -8.74746, 0.60000, 0.60000
-1.38649, -8.73079, 0.60000, 0.60000
-1.51517, -8.71877, 0.61847, 0.61847
-1.64193, -8.70211, 0.61847, 0.61847
-1.76869, -8.68544, 0.65000, 0.65000
-1.89112, -8.65833, 0.65000, 0.65000
-2.01788, -8.64167, 0.65192, 0.65192
-2.13944, -8.61244, 0.65192, 0.65192
-2.26619, -8.59577, 0.65192, 0.65192
-2.39295, -8.57910, 0.65765, 0.65765
-2.51801, -8.55833, 0.65000, 0.65000
-2.64477, -8.54167, 0.65192, 0.65192
-2.76463, -8.50833, 0.65765, 0.65765
-2.89139, -8.49167, 0.65000, 0.65000
-3.01553, -8.46868, 0.65765, 0.65765
-3.14229, -8.45201, 0.68007, 0.68007
-3.26904, -8.43535, 0.65192, 0.65192
-3.39152, -8.40833, 0.66708, 0.66708
-3.51828, -8.39167, 0.65765, 0.65765
-3.63979, -8.36234, 0.68007, 0.68007
-3.76655, -8.34568, 0.68007, 0.68007
-3.88641, -8.31234, 0.65765, 0.65765
-4.01021, -8.28854, 0.66708, 0.66708
-4.13006, -8.25521, 0.66708, 0.66708
-4.25682, -8.23854, 0.69642, 0.69642
-4.37797, -8.20833, 0.66708, 0.66708
-4.49922, -8.17835, 0.70178, 0.70178
-4.61907, -8.14502, 0.73824, 0.73824
-4.74553, -8.12762, 0.71589, 0.71589
-4.86933, -8.10382, 0.70000, 0.70000
-4.98919, -8.07048, 0.72801, 0.72801
-5.10934, -8.03788, 0.75166, 0.75166
-5.23315, -8.01408, 0.75000, 0.75000
-5.35900, -7.99522, 0.76485, 0.76485
-5.47668, -7.95665, 0.75166, 0.75166
-5.59416, -7.91757, 0.80000, 0.80000
-5.70820, -7.87020, 0.85000, 0.85000
-5.83022, -7.84211, 0.90000, 0.90000
-5.95008, -7.80877, 0.85440, 0.85440
-6.06975, -7.77500, 0.87321, 0.87321
-6.18069, -7.72013, 0.90554, 0.90554
-6.29364, -7.67013, 0.95000, 0.95000
-6.40205, -7.60916, 1.00000, 1.00000
-6.51609, -7.56178, 1.03078, 1.03078
-6.62904, -7.51178, 1.06066, 1.06066
-6.74653, -7.47276, 1.07703, 1.07703
-6.86732, -7.44167, 1.09772, 1.09772
-6.99408, -7.42500, 1.10000, 1.10000
-7.12418, -7.41642, 1.07935, 1.07935
-7.22946, -7.39472, 1.05000, 1.05000
-7.32656, -7.36337, 1.05000, 1.05000
-7.42640, -7.33861, 1.00000, 1.00000
-7.55108, -7.32698, 1.00000, 1.00000
-7.68392, -7.32500, 0.99624, 0.99624
-7.81758, -7.32500, 0.96177, 0.96177
-7.94539, -7.31088, 0.95131, 0.95131
-8.07215, -7.29421, 0.90000, 0.90000
-8.19891, -7.27755, 0.90000, 0.90000
-8.33152, -7.27500, 0.90000, 0.90000
-8.46285, -7.26938, 0.90000, 0.90000
-8.58961, -7.25271, 0.90000, 0.90000
-8.71637, -7.23605, 0.85000, 0.85000
-8.84546, -7.22500, 0.85000, 0.85000
-8.97543, -7.21609, 0.85000, 0.85000
-9.10219, -7.19943, 0.80000, 0.80000
-9.22895, -7.18276, 0.80000, 0.80000
-9.35940, -7.17500, 0.80623, 0.80623
-9.49306, -7.17500, 0.82462, 0.82462
-9.61982, -7.15833, 0.80156, 0.80156
-9.74658, -7.14167, 0.75000, 0.75000
-9.87334, -7.12500, 0.75000, 0.75000
-10.00700, -7.12500, 0.75000, 0.75000
-10.13584, -7.11337, 0.75000, 0.75000
-10.26260, -7.09671, 0.70000, 0.70000
-10.38936, -7.08004, 0.70000, 0.70000
-10.52094, -7.07500, 0.71589, 0.71589
-10.65460, -7.07500, 0.75000, 0.75000
-10.78826, -7.07500, 0.75000, 0.75000
-10.91502, -7.05833, 0.75000, 0.75000
-11.04178, -7.04167, 0.70000, 0.70000
-11.16163, -7.00833, 0.70178, 0.70178
-11.28839, -6.99167, 0.66708, 0.66708
-11.41515, -6.97500, 0.70000, 0.70000
-11.54881, -6.97500, 0.70178, 0.70178
-11.67557, -6.95833, 0.72801, 0.72801
-11.80233, -6.94167, 0.70000, 0.70000
-11.92909, -6.92500, 0.70000, 0.70000
-12.05585, -6.90833, 0.70000, 0.70000
-12.18261, -6.89167, 0.65000, 0.65000
-12.30937, -6.87500, 0.65000, 0.65000
-12.44286, -6.87460, 0.65000, 0.65000
-12.56962, -6.85793, 0.66708, 0.66708
-12.69638, -6.84127, 0.65000, 0.65000
-12.82330, -6.82500, 0.70000, 0.70000
-12.95544, -6.82132, 0.68007, 0.68007
-13.08220, -6.80465, 0.65765, 0.65765
-13.20288, -6.77331, 0.70000, 0.70000
-13.32180, -6.73772, 0.75000, 0.75000
-13.43793, -6.69540, 0.80000, 0.80000
-13.55197, -6.64803, 0.81394, 0.81394
-13.66113, -6.58887, 0.83815, 0.83815
-13.77029, -6.52971, 0.86313, 0.86313
-13.87945, -6.47055, 0.89443, 0.89443
-13.98372, -6.39961, 0.93941, 0.93941
-14.08348, -6.31776, 0.94868, 0.94868
-14.18288, -6.23503, 1.00623, 1.00623
-14.28227, -6.15230, 1.01242, 1.01242
-14.38131, -6.06869, 1.07355, 1.07355
-14.47582, -5.97418, 1.11803, 1.11803
-14.55855, -5.87479, 1.15109, 1.15109
-14.64128, -5.77539, 1.14127, 1.14127
-14.70950, -5.66999, 1.18849, 1.18849
-14.76866, -5.56083, 1.20208, 1.20208
-14.80424, -5.44191, 1.18533, 1.18533
-14.83758, -5.32205, 1.14237, 1.14237
-14.87692, -5.20469, 1.15434, 1.15434
-14.90833, -5.08404, 1.15434, 1.15434
-14.94167, -4.96418, 1.12805, 1.12805
-14.95833, -4.83742, 1.15434, 1.15434
-14.98631, -4.71535, 1.15000, 1.15000
-15.00556, -4.58966, 1.16726, 1.16726
-15.03889, -4.46980, 1.15434, 1.15434
-15.06091, -4.34526, 1.20000, 1.20000
-15.07500, -4.21744, 1.20000, 1.20000
-15.07500, -4.08377, 1.18849, 1.18849
-15.06120, -3.95583, 1.16726, 1.16726
-15.04453, -3.82907, 1.15000, 1.15000
-15.02787, -3.70231, 1.12805, 1.12805
-15.02500, -3.56983, 1.10454, 1.10454
-15.02500, -3.43617, 1.10000, 1.10000
-15.02355, -3.30311, 1.10000, 1.10000
-15.00688, -3.17635, 1.10000, 1.10000
-14.99022, -3.04959, 1.05000, 1.05000
-14.97500, -2.92223, 1.05119, 1.05119
-14.97500, -2.78857, 1.06888, 1.06888
-14.96233, -2.66016, 1.09202, 1.09202
-14.94566, -2.53340, 1.06066, 1.06066
-14.92900, -2.40664, 1.07935, 1.07935
-14.92500, -2.27463, 1.11018, 1.11018
-14.90833, -2.14787, 1.07935, 1.07935
-14.87500, -2.02802, 1.11018, 1.11018
-14.83139, -1.91242, 1.14018, 1.14018
-14.79651, -1.79320, 1.14237, 1.14237
-14.75859, -1.67525, 1.12805, 1.12805
-14.71121, -1.56121, 1.15974, 1.15974
-14.65205, -1.45205, 1.16619, 1.16619
-14.58111, -1.34778, 1.18533, 1.18533
-14.50543, -1.24547, 1.16726, 1.16726
-14.42270, -1.14607, 1.17154, 1.17154
-14.33997, -1.04667, 1.19269, 1.19269
-14.25020, -0.95020, 1.18533, 1.18533
-14.15568, -0.85568, 1.14018, 1.14018
-14.05629, -0.77296, 1.06888, 1.06888
-13.95448, -0.69606, 0.99624, 0.99624
-13.84532, -0.63690, 1.00623, 1.00623
-13.73610, -0.57790, 0.99624, 0.99624
-13.61624, -0.54457, 0.98234, 0.98234
-13.50220, -0.49719, 0.96566, 0.96566
-13.38235, -0.46386, 1.01119, 1.01119
-13.26940, -0.41386, 0.98234, 0.98234
-13.15047, -0.37827, 0.95131, 0.95131
-13.03743, -0.32849, 0.92195, 0.92195
-12.91758, -0.29516, 0.90139, 0.90139
-12.79908, -0.25855, 0.93408, 0.93408
-12.67241, -0.24167, 0.90139, 0.90139
-12.55255, -0.20833, 0.91241, 0.91241
-12.42833, -0.18555, 0.90000, 0.90000
-12.30847, -0.15221, 0.90554, 0.90554
-12.18172, -0.13555, 0.88600, 0.88600
-12.05932, -0.10833, 0.90000, 0.90000
-11.93947, -0.07500, 0.85147, 0.85147
-11.81961, -0.04167, 0.81394, 0.81394
-11.69928, -0.00949, 0.85000, 0.85000
-11.57252, 0.00718, 0.80000, 0.80000
-11.44576, 0.02384, 0.80623, 0.80623
-11.31258, 0.02500, 0.82462, 0.82462
-11.18582, 0.04167, 0.85000, 0.85000
-11.05906, 0.05833, 0.80000, 0.80000
-10.93230, 0.07500, 0.80000, 0.80000
-10.79864, 0.07500, 0.80000, 0.80000
-10.66498, 0.07500, 0.80156, 0.80156
-10.53132, 0.07500, 0.81394, 0.81394
-10.39873, 0.07759, 0.80000, 0.80000
-10.27197, 0.09426, 0.80000, 0.80000
-10.14521, 0.11093, 0.80000, 0.80000
-10.02428, 0.14167, 0.80156, 0.80156
-9.89752, 0.15833, 0.77621, 0.77621
-9.77076, 0.17500, 0.80000, 0.80000
-9.63710, 0.17500, 0.80000, 0.80000
-9.50395, 0.17623, 0.80000, 0.80000
-9.37719, 0.19290, 0.80000, 0.80000
-9.25043, 0.20956, 0.75000, 0.75000
-9.12316, 0.22500, 0.75000, 0.75000
-8.98950, 0.22500, 0.75000, 0.75000
-8.85584, 0.22500, 0.75000, 0.75000
-8.72218, 0.22500, 0.75000, 0.75000
-8.58851, 0.22500, 0.75000, 0.75000
-8.45485, 0.22500, 0.75000, 0.75000
-8.32119, 0.22500, 0.75000, 0.75000
-8.19443, 0.20833, 0.75000, 0.75000
-8.07100, 0.19970, 0.75000, 0.75000
-7.95114, 0.19970, 0.75000, 0.75000
-7.82439, 0.21637, 0.75000, 0.75000
-7.69430, 0.22500, 0.75000, 0.75000
-7.56064, 0.22500, 0.72801, 0.72801
-7.42697, 0.22500, 0.70178, 0.70178
-7.29331, 0.22500, 0.70000, 0.70000
-7.15965, 0.22500, 0.70000, 0.70000
-7.02599, 0.22500, 0.70000, 0.70000
-6.89232, 0.22500, 0.70000, 0.70000
-6.74200, 0.24167, 0.70000, 0.70000
