s_m,x_m,y_m,v_ref_mps,kappa_radpm
0.000000,9.277090,8.996041,5.562244,0.285211
0.045988,9.231467,9.001832,5.595586,0.281937
0.091975,9.185770,9.007009,5.628928,0.278615
0.137963,9.140015,9.011624,5.664104,0.275364
0.183950,9.094206,9.015649,5.699657,0.272418
0.229938,9.048347,9.019026,5.736477,0.269831
0.275926,9.002442,9.021727,5.773955,0.267782
0.321913,8.956503,9.023747,5.812246,0.266248
0.367901,8.910539,9.025089,5.851394,0.264971
0.413888,8.864560,9.025768,5.890989,0.263914
0.459876,8.818576,9.025803,5.931550,0.263280
0.505864,8.772595,9.025220,5.972281,0.263119
0.551851,8.726625,9.024045,6.014020,0.261610
0.597839,8.680673,9.022301,6.055759,0.257569
0.643826,8.634745,9.020009,6.098454,0.252513
0.689814,8.588847,9.017185,6.141174,0.248358
0.735802,8.542983,9.013844,6.184519,0.244462
0.781789,8.497158,9.010001,6.228018,0.239305
0.827777,8.451377,9.005668,6.271915,0.232995
0.873764,8.405644,9.000857,6.316043,0.226270
0.919752,8.359961,8.995581,6.360384,0.219247
0.965740,8.314333,8.989853,6.404970,0.212193
1.011727,8.268763,8.983685,6.449657,0.205179
1.057715,8.223252,8.977090,6.494586,0.198364
1.103702,8.177803,8.970081,6.539538,0.191819
1.149690,8.132418,8.962670,6.584648,0.185486
1.195678,8.087098,8.954872,6.629759,0.179316
1.241665,8.041843,8.946699,6.674922,0.173271
1.287653,7.996656,8.938164,6.720087,0.167287
1.333640,7.951535,8.929282,6.765214,0.161354
1.379628,7.906482,8.920064,6.810330,0.155443
1.425616,7.861495,8.910525,6.855339,0.149552
1.471603,7.816575,8.900678,6.900279,0.143682
1.517591,7.771720,8.890536,6.945100,0.137834
1.563578,7.726930,8.880111,6.989768,0.132009
1.609566,7.682204,8.869418,7.034328,0.126209
1.655554,7.637540,8.858467,7.078590,0.120436
1.701541,7.592936,8.847273,7.122806,0.114694
1.747529,7.548391,8.835848,7.166584,0.108987
1.793516,7.503902,8.824203,7.210362,0.103321
1.839504,7.459468,8.812352,7.253595,0.097703
1.885492,7.415087,8.800305,7.296781,0.092143
1.931479,7.370755,8.788076,7.339444,0.086646
1.977467,7.326472,8.775674,7.381933,0.081223
2.023454,7.282234,8.763111,7.423931,0.075876
2.069442,7.238039,8.750397,7.465575,0.070616
2.115430,7.193884,8.737544,7.506898,0.065444
2.161417,7.149767,8.724561,7.547761,0.060370
2.207405,7.105685,8.711460,7.588398,0.055397
2.253392,7.061636,8.698250,7.628313,0.050531
2.299380,7.017616,8.684943,7.668140,0.045775
2.345368,6.973622,8.671548,7.706755,0.041130
2.391355,6.929652,8.658076,7.745370,0.036599
2.437343,6.885703,8.644537,7.783031,0.032181
2.483330,6.841771,8.630941,7.820581,0.027874
2.529318,6.797854,8.617296,7.857261,0.023678
2.575306,6.753950,8.603612,7.893611,0.019591
2.621293,6.710055,8.589898,7.929246,0.015613
2.667281,6.666167,8.576160,7.964309,0.011747
2.713268,6.622284,8.562408,7.998848,0.007996
2.759256,6.578403,8.548649,8.032545,0.004364
2.805244,6.534522,8.534889,8.065929,0.000854
2.851231,6.490639,8.521136,8.098157,-0.002529
2.897219,6.446752,8.507396,8.130329,-0.005782
2.943206,6.402859,8.493674,8.161215,-0.008904
2.989194,6.358959,8.479978,8.192100,-0.011895
3.035182,6.315048,8.466312,8.221627,-0.014755
3.081169,6.271127,8.452682,8.250953,-0.017484
3.127157,6.227193,8.439094,8.279090,-0.020081
3.173144,6.183244,8.425553,8.306719,-0.022547
3.219132,6.139279,8.412064,8.333492,-0.024880
3.265120,6.095297,8.398632,8.359505,-0.027081
3.311107,6.051296,8.385261,8.384913,-0.029150
3.357095,6.007276,8.371955,8.409236,-0.031089
3.403082,5.963234,8.358719,8.433252,-0.032900
3.449070,5.919170,8.345556,8.455936,-0.034586
3.495058,5.875084,8.332470,8.478592,-0.036151
3.541045,5.830974,8.319464,8.499602,-0.037595
3.587033,5.786839,8.306542,8.520611,-0.038919
3.633020,5.742679,8.293707,8.540125,-0.040124
3.679008,5.698493,8.280962,8.559365,-0.041207
3.724996,5.654280,8.268310,8.577572,-0.042169
3.770983,5.610041,8.255751,8.595281,-0.043007
3.816971,5.565774,8.243289,8.612194,-0.043722
3.862958,5.521480,8.230923,8.628323,-0.044313
3.908946,5.477159,8.218656,8.643926,-0.044780
3.954934,5.432810,8.206488,8.658473,-0.045122
4.000921,5.388435,8.194419,8.672765,-0.045340
4.046909,5.344032,8.182450,8.685732,-0.045432
4.092896,5.299603,8.170579,8.698700,-0.045397
4.138884,5.255147,8.158808,8.710124,-0.045235
4.184872,5.210666,8.147135,8.721534,-0.044947
4.230859,5.166159,8.135561,8.731635,-0.044534
4.276847,5.121626,8.124085,8.741448,-0.044003
4.322834,5.077069,8.112705,8.750241,-0.043356
4.368822,5.032487,8.101421,8.758482,-0.042599
4.414810,4.987882,8.090231,8.765985,-0.041737
4.460797,4.943253,8.079134,8.772680,-0.040773
4.506785,4.898603,8.068126,8.778888,-0.039711
4.552772,4.853930,8.057207,8.783996,-0.038550
4.598760,4.809237,8.046373,8.788883,-0.037291
4.644748,4.764524,8.035622,8.792365,-0.035934
4.690735,4.719792,8.024950,8.795846,-0.034479
4.736723,4.675041,8.014355,8.797764,-0.032925
4.782710,4.630274,8.003832,8.799625,-0.031272
4.828698,4.585490,7.993379,8.800195,-0.029522
4.874686,4.540691,7.982992,8.800429,-0.027676
4.920673,4.495877,7.972667,8.799644,-0.025736
4.966661,4.451051,7.962399,8.798241,-0.023706
5.012648,4.406212,7.952186,8.796101,-0.021588
5.058636,4.361361,7.942021,8.793067,-0.019384
5.104624,4.316501,7.931902,8.789571,-0.017097
5.150611,4.271631,7.921823,8.784892,-0.014730
5.196599,4.226754,7.911780,8.780032,-0.012285
5.242586,4.181870,7.901767,8.773699,-0.009764
5.288574,4.136980,7.891778,8.767365,-0.007172
5.334562,4.092086,7.881809,8.759479,-0.004509
5.380549,4.047189,7.871854,8.751492,-0.001780
5.426537,4.002290,7.861907,8.742202,0.001015
5.472525,3.957391,7.851961,8.732518,0.003873
5.518512,3.912492,7.842012,8.721830,0.006794
5.564500,3.867596,7.832052,8.710464,0.009777
5.610487,3.822704,7.822075,8.698369,0.012823
5.656475,3.777816,7.812075,8.685291,0.015930
5.702463,3.732936,7.802046,8.671768,0.019098
5.748450,3.688063,7.791980,8.656946,0.022324
5.794438,3.643201,7.781871,8.641980,0.025606
5.840425,3.598349,7.771711,8.625438,0.028940
5.886413,3.553511,7.761494,8.608897,0.032319
5.932401,3.508688,7.751213,8.590778,0.035741
5.978388,3.463880,7.740860,8.572510,0.039197
6.024376,3.419091,7.730429,8.552956,0.042686
6.070363,3.374323,7.719912,8.532954,0.046202
6.116351,3.329576,7.709302,8.511947,0.049742
6.162339,3.284853,7.698593,8.490185,0.053305
6.208326,3.240156,7.687775,8.467720,0.056889
6.254314,3.195486,7.676843,8.444201,0.060491
6.300301,3.150847,7.665787,8.420273,0.064112
6.346289,3.106241,7.654602,8.394968,0.067749
6.392277,3.061670,7.643278,8.369560,0.071400
6.438264,3.017136,7.631807,8.342467,0.075063
6.484252,2.972642,7.620183,8.315375,0.078737
6.530239,2.928190,7.608397,8.286803,0.082419
6.576227,2.883784,7.596442,8.258043,0.086106
6.622215,2.839426,7.584310,8.228068,0.089799
6.668202,2.795118,7.571994,8.197612,0.093492
6.714190,2.750864,7.559487,8.166245,0.097184
6.760177,2.706666,7.546783,8.134118,0.100871
6.806165,2.662528,7.533873,8.101386,0.104547
6.852153,2.618453,7.520751,8.067640,0.108209
6.898140,2.574443,7.507409,8.033569,0.111850
6.944128,2.530503,7.493841,7.998224,0.115466
6.990115,2.486636,7.480040,7.962829,0.119050
7.036103,2.442845,7.465997,7.925935,0.122601
7.082091,2.399135,7.451707,7.889040,0.126114
7.128078,2.355508,7.437161,7.850880,0.129588
7.174066,2.311970,7.422355,7.812517,0.133021
7.220053,2.268524,7.407280,7.773171,0.136414
7.266041,2.225174,7.391930,7.733385,0.139764
7.312029,2.181925,7.376299,7.692903,0.143069
7.358016,2.138781,7.360381,7.651780,0.146326
7.404004,2.095746,7.344170,7.610206,0.149529
7.449991,2.052825,7.327659,7.567792,0.152673
7.495979,2.010023,7.310844,7.525171,0.155751
7.541967,1.967344,7.293718,7.481597,0.158759
7.587954,1.924793,7.276276,7.438015,0.161688
7.633942,1.882375,7.258513,7.393355,0.164536
7.679929,1.840095,7.240425,7.348694,0.167295
7.725917,1.797957,7.222008,7.303218,0.169963
7.771905,1.755967,7.203256,7.257582,0.172533
7.817892,1.714130,7.184166,7.211369,0.175003
7.863880,1.672450,7.164735,7.164864,0.177367
7.909867,1.630933,7.144959,7.117998,0.179620
7.955855,1.589583,7.124835,7.070762,0.181759
8.001843,1.548406,7.104359,7.023343,0.183776
8.047830,1.507407,7.083530,6.975540,0.185670
8.093818,1.466591,7.062345,6.927666,0.187435
8.139805,1.425962,7.040802,6.879406,0.189069
8.185793,1.385527,7.018899,6.831145,0.190571
8.231781,1.345289,6.996635,6.782603,0.191940
8.277768,1.305254,6.974009,6.734055,0.193177
8.323756,1.265425,6.951021,6.685389,0.194284
8.369743,1.225809,6.927669,6.636695,0.195264
8.415731,1.186408,6.903955,6.588015,0.196120
8.461719,1.147228,6.879879,6.539343,0.196856
8.507706,1.108272,6.855441,6.490769,0.197477
8.553694,1.069545,6.830642,6.442305,0.197988
8.599681,1.031049,6.805485,6.393952,0.198397
8.645669,0.992790,6.779971,6.345858,0.198710
8.691657,0.954770,6.754101,6.297832,0.198940
8.737644,0.916991,6.727880,6.250276,0.199092
8.783632,0.879458,6.701309,6.202721,0.199184
8.829619,0.842173,6.674391,6.155880,0.199223
8.875607,0.805138,6.647129,6.109073,0.199233
8.921595,0.768356,6.619528,6.063004,0.199219
8.967582,0.731829,6.591590,6.017136,0.199206
9.013570,0.695559,6.563318,5.971948,0.199203
9.059557,0.659549,6.534716,5.927187,0.199231
9.105545,0.623801,6.505788,5.882990,0.199304
9.151533,0.588317,6.476537,5.839506,0.199433
9.197520,0.553099,6.446965,5.796399,0.199635
9.243508,0.518150,6.417076,5.754306,0.199918
9.289495,0.483472,6.386873,5.712364,0.200296
9.335483,0.449067,6.356359,5.671768,0.200775
9.381471,0.414940,6.325536,5.631173,0.201364
9.427458,0.381091,6.294406,5.592018,0.202065
9.473446,0.347526,6.262971,5.552973,0.202881
9.519433,0.314247,6.231234,5.515314,0.203814
9.565421,0.281258,6.199194,5.478096,0.204859
9.611409,0.248565,6.166853,5.442052,0.206015
9.657396,0.216171,6.134212,5.406832,0.207275
9.703384,0.184083,6.101271,5.372499,0.208633
9.749371,0.152305,6.068030,5.339411,0.210084
9.795359,0.120844,6.034490,5.306876,0.211617
9.841347,0.089706,6.000649,5.276044,0.213227
9.887334,0.058898,5.966508,5.245391,0.214900
9.933322,0.028426,5.932066,5.216952,0.216629
9.979309,-0.001703,5.897324,5.188513,0.218396
10.025297,-0.031482,5.862281,5.162425,0.220195
10.071285,-0.060904,5.826938,5.136588,0.222003
10.117272,-0.089961,5.791295,5.112822,0.223811
10.163260,-0.118647,5.755352,5.089811,0.225599
10.209247,-0.146955,5.719111,5.068459,0.227353
10.255235,-0.174878,5.682573,5.048399,0.229057
10.301223,-0.202410,5.645739,5.029564,0.230694
10.347210,-0.229544,5.608610,5.012635,0.232255
10.393198,-0.256273,5.571189,4.996428,0.233719
10.439185,-0.282592,5.533479,4.982786,0.235083
10.485173,-0.308495,5.495482,4.969314,0.236329
10.531161,-0.333976,5.457201,4.959152,0.237452
10.577148,-0.359030,5.418638,4.948989,0.238441
10.623136,-0.383653,5.379799,4.941934,0.239291
10.669123,-0.407838,5.340686,4.935311,0.239995
10.715111,-0.431582,5.301304,4.931229,0.240549
10.761099,-0.454882,5.261656,4.928202,0.240951
10.807086,-0.477732,5.221749,4.927122,0.241196
10.853074,-0.500129,5.181585,4.927729,0.241284
10.899061,-0.522071,5.141171,4.929680,0.241216
10.945049,-0.543554,5.100511,4.933969,0.240992
10.991037,-0.564577,5.059611,4.938960,0.240616
11.037024,-0.585137,5.018477,4.946873,0.240090
11.083012,-0.605232,4.977113,4.954867,0.239421
11.128999,-0.624862,4.935527,4.966343,0.238614
11.174987,-0.644026,4.893723,4.977818,0.237676
11.220975,-0.662723,4.851709,4.992288,0.236611
11.266962,-0.680953,4.809491,5.007277,0.235429
11.312950,-0.698718,4.767074,5.024632,0.234134
11.358937,-0.716017,4.724465,5.043094,0.232736
11.404925,-0.732852,4.681670,5.063282,0.231246
11.450913,-0.749225,4.638697,5.085126,0.229674
11.496900,-0.765138,4.595551,5.108076,0.228038
11.542888,-0.780593,4.552239,5.133177,0.226347
11.588875,-0.795593,4.508768,5.158805,0.224630
11.634863,-0.810141,4.465143,5.187033,0.222892
11.680851,-0.824240,4.421371,5.215261,0.221161
11.726838,-0.837893,4.377457,5.246409,0.219444
11.772826,-0.851104,4.333409,5.277566,0.217762
11.818813,-0.863875,4.289231,5.310972,0.216122
11.864801,-0.876209,4.244929,5.344852,0.214535
11.910789,-0.888111,4.200509,5.380420,0.213008
11.956776,-0.899584,4.155976,5.416877,0.211546
12.002764,-0.910630,4.111336,5.454380,0.210154
12.048751,-0.921253,4.066592,5.492996,0.208836
12.094739,-0.931456,4.021752,5.532210,0.207594
12.140727,-0.941241,3.976818,5.572736,0.206428
12.186714,-0.950610,3.931795,5.613506,0.205341
12.232702,-0.959563,3.886688,5.655744,0.204331
12.278689,-0.968103,3.841501,5.697981,0.203398
12.324677,-0.976228,3.796237,5.741447,0.202540
12.370665,-0.983939,3.750901,5.784950,0.201753
12.416652,-0.991235,3.705497,5.829205,0.201035
12.462640,-0.998116,3.660027,5.873647,0.200380
12.508627,-1.004581,3.614497,5.918568,0.199783
12.554615,-1.010628,3.568909,5.963771,0.199239
12.600603,-1.016258,3.523268,6.009175,0.198736
12.646590,-1.021470,3.477577,6.054817,0.198269
12.692578,-1.026264,3.431841,6.100526,0.197820
12.738565,-1.030639,3.386062,6.146399,0.197383
12.784553,-1.034596,3.340245,6.192276,0.196937
12.830541,-1.038134,3.294395,6.238186,0.196475
12.876528,-1.041254,3.248513,6.284096,0.195976
12.922516,-1.043956,3.202606,6.329866,0.195434
12.968503,-1.046241,3.156675,6.375627,0.194832
13.014491,-1.048109,3.110726,6.421175,0.194163
13.060479,-1.049562,3.064762,6.466661,0.193420
13.106466,-1.050600,3.018787,6.511912,0.192597
13.152454,-1.051225,2.972804,6.557010,0.191693
13.198441,-1.051440,2.926817,6.601885,0.190705
13.244429,-1.051245,2.880830,6.646468,0.189632
13.290417,-1.050644,2.834847,6.690887,0.188472
13.336404,-1.049639,2.788871,6.734843,0.187225
13.382392,-1.048232,2.742905,6.778735,0.185888
13.428379,-1.046427,2.696953,6.822002,0.184461
13.474367,-1.044226,2.651019,6.865269,0.182940
13.520355,-1.041634,2.605104,6.907848,0.181326
13.566342,-1.038653,2.559214,6.950366,0.179617
13.612330,-1.035287,2.513350,6.992274,0.177815
13.658317,-1.031540,2.467516,7.033978,0.175923
13.704305,-1.027418,2.421713,7.075187,0.173943
13.750293,-1.022923,2.375946,7.116035,0.171880
13.796280,-1.018062,2.330217,7.156508,0.169738
13.842268,-1.012838,2.284527,7.196436,0.167519
13.888255,-1.007257,2.238880,7.236142,0.165230
13.934243,-1.001325,2.193276,7.275133,0.162869
13.980231,-0.995046,2.147720,7.314060,0.160441
14.026218,-0.988427,2.102211,7.352064,0.157946
14.072206,-0.981473,2.056753,7.390067,0.155387
14.118193,-0.974191,2.011345,7.427171,0.152765
14.164181,-0.966586,1.965991,7.464168,0.150084
14.210169,-0.958666,1.920691,7.500408,0.147346
14.256156,-0.950437,1.875446,7.536359,0.144554
14.302144,-0.941904,1.830257,7.571714,0.141712
14.348131,-0.933076,1.785125,7.606588,0.138822
14.394119,-0.923957,1.740051,7.641044,0.135890
14.440107,-0.914556,1.695034,7.674822,0.132917
14.486094,-0.904878,1.650077,7.708364,0.129911
14.532082,-0.894930,1.605178,7.741013,0.126871
14.578069,-0.884718,1.560339,7.773617,0.123805
14.624057,-0.874251,1.515558,7.805105,0.120714
14.670045,-0.863533,1.470837,7.836593,0.117604
14.716032,-0.852572,1.426175,7.867028,0.114478
14.762020,-0.841375,1.381571,7.897303,0.111340
14.808007,-0.829949,1.337026,7.926719,0.108192
14.853995,-0.818301,1.292538,7.955762,0.105037
14.899983,-0.806437,1.248107,7.984133,0.101878
14.945970,-0.794365,1.203733,8.011899,0.098717
14.991958,-0.782091,1.159413,8.039200,0.095557
15.037945,-0.769623,1.115148,8.065657,0.092398
15.083933,-0.756967,1.070936,8.091864,0.089244
15.129921,-0.744131,1.026777,8.116968,0.086095
15.175908,-0.731120,0.982668,8.142053,0.082956
15.221896,-0.717942,0.938609,8.165765,0.079828
15.267883,-0.704604,0.894598,8.189478,0.076716
15.313871,-0.691111,0.850634,8.211985,0.073621
15.359859,-0.677471,0.806716,8.234267,0.070546
15.405846,-0.663691,0.762842,8.255558,0.067496
15.451834,-0.649776,0.719010,8.276365,0.064472
15.497821,-0.635733,0.675219,8.296413,0.061478
15.543809,-0.621568,0.631467,8.315702,0.058515
15.589797,-0.607287,0.587753,8.334480,0.055588
15.635784,-0.592897,0.544075,8.352220,0.052697
15.681772,-0.578404,0.500431,8.369708,0.049846
15.727759,-0.563813,0.456820,8.385859,0.047037
15.773747,-0.549130,0.413239,8.402010,0.044273
15.819735,-0.534361,0.369687,8.416545,0.041556
15.865722,-0.519511,0.326163,8.431059,0.038889
15.911710,-0.504586,0.282665,8.444210,0.036276
15.957698,-0.489592,0.239191,8.457054,0.033717
16.003685,-0.474533,0.195739,8.468796,0.031217
16.049673,-0.459415,0.152307,8.479933,0.028776
16.095660,-0.444243,0.108894,8.490240,0.026396
16.141648,-0.429022,0.065498,8.499631,0.024080
16.187636,-0.413757,0.022118,8.508487,0.021828
16.233623,-0.398452,-0.021248,8.516118,0.019641
16.279611,-0.383112,-0.064601,8.523510,0.017523
16.325598,-0.367741,-0.107944,8.529355,0.015473
16.371586,-0.352344,-0.151278,8.535199,0.013496
16.417574,-0.336925,-0.194603,8.539309,0.011594
16.463561,-0.321487,-0.237922,8.543351,0.009769
16.509549,-0.306034,-0.281236,8.545946,0.008024
16.555536,-0.290570,-0.324545,8.548158,0.006361
16.601524,-0.275098,-0.367852,8.549227,0.004784
16.647512,-0.259621,-0.411157,8.549595,0.003293
16.693499,-0.244142,-0.454462,8.549137,0.001894
16.739487,-0.228665,-0.497767,8.547665,0.000586
16.785474,-0.213192,-0.541073,8.545680,-0.000627
16.831462,-0.197725,-0.584381,8.542362,-0.001745
16.877450,-0.182267,-0.627693,8.538844,-0.002763
16.923437,-0.166819,-0.671009,8.533662,-0.003683
16.969425,-0.151385,-0.714329,8.528479,-0.004502
17.015412,-0.135966,-0.757655,8.521558,-0.005220
17.061400,-0.120563,-0.800986,8.514518,-0.005834
17.107388,-0.105178,-0.844324,8.506068,-0.006342
17.153375,-0.089811,-0.887668,8.497187,-0.006743
17.199363,-0.074465,-0.931019,8.487212,-0.007031
17.245350,-0.059139,-0.974378,8.476493,-0.007206
17.291338,-0.043834,-1.017744,8.464993,-0.007263
17.337326,-0.028550,-1.061118,8.452430,-0.007201
17.383313,-0.013288,-1.104499,8.439405,-0.007017
17.429301,0.001954,-1.147887,8.425009,-0.006711
17.475288,0.017175,-1.191283,8.410464,-0.006281
17.521276,0.032377,-1.234685,8.394232,-0.005729
17.567264,0.047559,-1.278094,8.378000,-0.005052
17.613251,0.062725,-1.321509,8.360077,-0.004249
17.659239,0.077874,-1.364930,8.341988,-0.003319
17.705226,0.093010,-1.408356,8.322537,-0.002261
17.751214,0.108132,-1.451785,8.302605,-0.001072
17.797202,0.123245,-1.495219,8.281608,0.000248
17.843189,0.138351,-1.538655,8.259802,0.001701
17.889177,0.153452,-1.582092,8.237263,0.003288
17.935164,0.168552,-1.625530,8.213616,0.005010
17.981152,0.183655,-1.668967,8.189534,0.006870
18.027140,0.198763,-1.712402,8.163969,0.008868
18.073127,0.213882,-1.755833,8.138300,0.011008
18.119115,0.229016,-1.799260,8.110872,0.013290
18.165102,0.244168,-1.842679,8.083445,0.015716
18.211090,0.259344,-1.886091,8.054336,0.018287
18.257078,0.274548,-1.929492,8.025008,0.021003
18.303065,0.289787,-1.972882,7.994318,0.023860
18.349053,0.305064,-2.016257,7.963083,0.026858
18.395040,0.320387,-2.059617,7.930815,0.029991
18.441028,0.335761,-2.102959,7.897678,0.033258
18.487016,0.351193,-2.146280,7.863826,0.036657
18.533003,0.366689,-2.189578,7.828769,0.040187
18.578991,0.382257,-2.232851,7.793328,0.043850
18.624978,0.397903,-2.276095,7.756359,0.047648
18.670966,0.413637,-2.319307,7.719333,0.051585
18.716954,0.429464,-2.362485,7.680432,0.055662
18.762941,0.445395,-2.405625,7.641531,0.059880
18.808929,0.461438,-2.448724,7.601016,0.064239
18.854916,0.477600,-2.491778,7.560237,0.068736
18.900904,0.493892,-2.534783,7.518194,0.073366
18.946892,0.510322,-2.577735,7.475577,0.078127
18.992879,0.526899,-2.620631,7.431999,0.083011
19.038867,0.543634,-2.663466,7.387522,0.088014
19.084854,0.560534,-2.706236,7.342419,0.093131
19.130842,0.577611,-2.748935,7.296131,0.098358
19.176830,0.594873,-2.791560,7.249534,0.103693
19.222817,0.612332,-2.834105,7.201475,0.109133
19.268805,0.629997,-2.876564,7.153409,0.114676
19.314792,0.647879,-2.918933,7.103689,0.120321
19.360780,0.665990,-2.961204,7.053969,0.126065
19.406768,0.684340,-3.003372,7.002857,0.131902
19.452755,0.702940,-3.045430,6.951465,0.137830
19.498743,0.721803,-3.087372,6.899051,0.143839
19.544730,0.740939,-3.129189,6.846113,0.149928
19.590718,0.760359,-3.170875,6.792497,0.156087
19.636706,0.780074,-3.212422,6.738176,0.162315
19.682693,0.800096,-3.253823,6.683448,0.168604
19.728681,0.820435,-3.295069,6.627857,0.174955
19.774668,0.841102,-3.336151,6.572085,0.181360
19.820656,0.862108,-3.377061,6.515280,0.187818
19.866644,0.883463,-3.417789,6.458475,0.194326
19.912631,0.905180,-3.458327,6.400684,0.200881
19.958619,0.927268,-3.498663,6.342872,0.207482
20.004606,0.949739,-3.538787,6.284329,0.214130
20.050594,0.972603,-3.578688,6.225612,0.220824
20.096582,0.995871,-3.618356,6.166501,0.227564
20.142569,1.019552,-3.657778,6.107164,0.234353
20.188557,1.043656,-3.696943,6.047624,0.241192
20.234544,1.068191,-3.735839,5.987850,0.248085
20.280532,1.093168,-3.774453,5.927990,0.255033
20.326520,1.118594,-3.812774,5.867928,0.262040
20.372507,1.144477,-3.850786,5.807866,0.269105
20.418495,1.170825,-3.888478,5.747813,0.276230
20.464482,1.197647,-3.925835,5.687759,0.283412
20.510470,1.224950,-3.962841,5.627961,0.290646
20.556458,1.252741,-3.999482,5.568176,0.297946
20.602445,1.281028,-4.035743,5.508753,0.305343
20.648433,1.309817,-4.071605,5.449430,0.312843
20.694420,1.339115,-4.107054,5.390559,0.320452
20.740408,1.368927,-4.142071,5.331974,0.328174
20.786396,1.399260,-4.176638,5.273828,0.335988
20.832383,1.430118,-4.210736,5.216243,0.343895
20.878371,1.461507,-4.244348,5.158993,0.351910
20.924358,1.493430,-4.277452,5.102653,0.360044
20.970346,1.525891,-4.310030,5.046455,0.368276
21.016334,1.558893,-4.342059,4.991556,0.376589
21.062321,1.592439,-4.373518,4.936657,0.384980
21.108309,1.626530,-4.404386,4.883351,0.393435
21.154296,1.661168,-4.434640,4.830172,0.401958
21.200284,1.696354,-4.464255,4.778463,0.410539
21.246272,1.732087,-4.493206,4.727229,0.419186
21.292259,1.768370,-4.521467,4.677250,0.427890
21.338247,1.805200,-4.549011,4.628163,0.436658
21.384234,1.842574,-4.575811,4.580101,0.445475
21.430222,1.880490,-4.601840,4.533493,0.454345
21.476210,1.918940,-4.627072,4.487506,0.463249
21.522197,1.957920,-4.651478,4.443460,0.472181
21.568185,1.997422,-4.675030,4.399600,0.481127
21.614172,2.037437,-4.697699,4.358147,0.490067
21.660160,2.077954,-4.719458,4.316694,0.498996
21.706148,2.118961,-4.740280,4.277854,0.507890
21.752135,2.160444,-4.760135,4.239302,0.516737
21.798123,2.202388,-4.778997,4.203067,0.525461
21.844110,2.244776,-4.796837,4.167690,0.534061
21.890098,2.287591,-4.813627,4.134190,0.542485
21.936086,2.330813,-4.829339,4.102172,0.550735
21.982073,2.374422,-4.843945,4.071503,0.558788
22.028061,2.418393,-4.857417,4.042960,0.566647
22.074048,2.462703,-4.869729,4.015178,0.574268
22.120036,2.507326,-4.880855,3.990139,0.581621
22.166024,2.552233,-4.890768,3.965256,0.588704
22.212011,2.597395,-4.899444,3.943593,0.595502
22.257999,2.642781,-4.906862,3.921929,0.602013
22.303986,2.688357,-4.912998,3.903114,0.608207
22.349974,2.734089,-4.917834,3.884706,0.614086
22.395962,2.779942,-4.921350,3.868605,0.619624
22.441949,2.825877,-4.923531,3.853474,0.624828
22.487937,2.871855,-4.924363,3.839966,0.629679
22.533924,2.917838,-4.923835,3.827880,0.634183
22.579912,2.963785,-4.921936,3.816830,0.638324
22.625900,3.009653,-4.918661,3.807602,0.642101
22.671887,3.055401,-4.914003,3.798923,0.645496
22.717875,3.100987,-4.907963,3.792564,0.648492
22.763862,3.146368,-4.900540,3.786257,0.651076
22.809850,3.191501,-4.891736,3.782507,0.653218
22.855838,3.236344,-4.881556,3.778757,0.654915
22.901825,3.280854,-4.870009,3.777268,0.656149
22.947813,3.324988,-4.857104,3.776180,0.656922
22.993800,3.368707,-4.842853,3.776832,0.657244
23.039788,3.411967,-4.827268,3.778309,0.657119
23.085776,3.454729,-4.810365,3.781037,0.656580
23.131763,3.496953,-4.792159,3.784979,0.655634
23.177751,3.538599,-4.772668,3.789779,0.654311
23.223738,3.579628,-4.751912,3.796270,0.652624
23.269726,3.620003,-4.729910,3.803158,0.650590
23.315714,3.659689,-4.706688,3.812046,0.648225
23.361701,3.698649,-4.682270,3.820935,0.645534
23.407689,3.736853,-4.656684,3.832236,0.642531
23.453676,3.774269,-4.629960,3.843551,0.639215
23.499664,3.810868,-4.602128,3.856887,0.635593
23.545652,3.846625,-4.573222,3.870657,0.631658
23.591639,3.881515,-4.543276,3.886109,0.627409
23.637627,3.915516,-4.512323,3.902457,0.622839
23.683614,3.948606,-4.480399,3.919994,0.617947
23.729602,3.980767,-4.447539,3.938811,0.612726
23.775590,4.011979,-4.413778,3.958405,0.607191
23.821577,4.042229,-4.379150,3.979724,0.601349
23.867565,4.071499,-4.343692,4.001414,0.595224
23.913552,4.099778,-4.307437,4.025390,0.588854
23.959540,4.127053,-4.270422,4.049366,0.582257
24.005528,4.153316,-4.232682,4.075676,0.575497
24.051515,4.178559,-4.194251,4.102061,0.568578
24.097503,4.202775,-4.155166,4.130521,0.561555
24.143490,4.225963,-4.115462,4.159508,0.554426
24.189478,4.248120,-4.075173,4.189921,0.547209
24.235466,4.269248,-4.034335,4.221183,0.539899
24.281453,4.289349,-3.992982,4.253504,0.532490
24.327441,4.308426,-3.951146,4.287090,0.524970
24.373428,4.326485,-3.908861,4.321311,0.517336
24.419416,4.343532,-3.866158,4.357125,0.509583
24.465404,4.359575,-3.823067,4.393187,0.501716
24.511391,4.374622,-3.779618,4.431175,0.493755
24.557379,4.388680,-3.735839,4.469163,0.485704
24.603366,4.401761,-3.691758,4.508930,0.477607
24.649354,4.413871,-3.647401,4.548804,0.469466
24.695342,4.425022,-3.602792,4.589711,0.461327
24.741329,4.435224,-3.557957,4.630925,0.453190
24.787317,4.444487,-3.512918,4.672983,0.445086
24.833304,4.452825,-3.467699,4.715602,0.437018
24.879292,4.460249,-3.422320,4.758944,0.428995
24.925280,4.466776,-3.376804,4.803244,0.421019
24.971267,4.472418,-3.331169,4.847828,0.413088
25.017255,4.477194,-3.285435,4.893223,0.405202
25.063242,4.481119,-3.239621,4.938660,0.397353
25.109230,4.484210,-3.193742,4.984531,0.389538
25.155218,4.486484,-3.147815,5.030402,0.381749
25.201205,4.487957,-3.101856,5.076641,0.373979
25.247193,4.488645,-3.055878,5.122913,0.366223
25.293180,4.488564,-3.009894,5.169303,0.358480
25.339168,4.487729,-2.963918,5.215734,0.350746
25.385156,4.486157,-2.917961,5.262105,0.343034
25.431143,4.483863,-2.872035,5.308432,0.335345
25.477131,4.480864,-2.826149,5.354634,0.327694
25.523118,4.477174,-2.780313,5.400654,0.320092
25.569106,4.472811,-2.734536,5.446564,0.312546
25.615094,4.467792,-2.688826,5.492112,0.305068
25.661081,4.462133,-2.643191,5.537619,0.297656
25.707069,4.455851,-2.597638,5.582506,0.290315
25.753056,4.448962,-2.552172,5.627392,0.283042
25.799044,4.441484,-2.506799,5.671518,0.275834
25.845032,4.433433,-2.461524,5.715551,0.268686
25.891019,4.424826,-2.416352,5.758909,0.261592
25.937007,4.415678,-2.371285,5.802004,0.254548
25.982994,4.406007,-2.326328,5.844539,0.247549
26.028982,4.395828,-2.281483,5.886614,0.240590
26.074970,4.385156,-2.236753,5.928252,0.233669
26.120957,4.374009,-2.192139,5.969170,0.226784
26.166945,4.362402,-2.147642,6.009850,0.219934
26.212932,4.350350,-2.103263,6.049616,0.213121
26.258920,4.337870,-2.059003,6.089334,0.206344
26.304908,4.324975,-2.014862,6.127815,0.199608
26.350895,4.311680,-1.970839,6.166297,0.192912
26.396883,4.297999,-1.926935,6.203556,0.186263
26.442871,4.283947,-1.883148,6.240625,0.179661
26.488858,4.269535,-1.839478,6.276708,0.173113
26.534846,4.254777,-1.795924,6.312357,0.166621
26.580833,4.239687,-1.752484,6.347266,0.160187
26.626821,4.224276,-1.709156,6.381504,0.153815
26.672809,4.208560,-1.665938,6.415197,0.147503
26.718796,4.192551,-1.622828,6.447888,0.141253
26.764784,4.176262,-1.579822,6.480301,0.135060
26.810771,4.159708,-1.536918,6.511460,0.128918
26.856759,4.142901,-1.494112,6.542600,0.122826
26.902747,4.125856,-1.451401,6.572056,0.116769
26.948734,4.108584,-1.408780,6.601513,0.110747
26.994722,4.091100,-1.366246,6.629502,0.104747
27.040709,4.073415,-1.323795,6.657210,0.098769
27.086697,4.055542,-1.281423,6.683712,0.092810
27.132685,4.037492,-1.239126,6.709615,0.086871
27.178672,4.019277,-1.196900,6.734605,0.080957
27.224660,4.000908,-1.154741,6.758675,0.075073
27.270647,3.982395,-1.112644,6.782130,0.069223
27.316635,3.963750,-1.070606,6.804322,0.063414
27.362623,3.944984,-1.028622,6.826208,0.057648
27.408610,3.926108,-0.986687,6.846434,0.051929
27.454598,3.907132,-0.944797,6.866661,0.046257
27.500585,3.888068,-0.902947,6.884927,0.040630
27.546573,3.868927,-0.861132,6.903164,0.035046
27.592561,3.849719,-0.819348,6.919737,0.029499
27.638548,3.830456,-0.777589,6.935930,0.023987
27.684536,3.811148,-0.735851,6.950785,0.018501
27.730523,3.791806,-0.694129,6.964898,0.013038
27.776511,3.772440,-0.652418,6.978007,0.007595
27.822499,3.753062,-0.610712,6.989995,0.002169
27.868486,3.733681,-0.569008,7.001333,-0.003237
27.914474,3.714307,-0.527301,7.011165,-0.008623
27.960461,3.694952,-0.485585,7.020712,-0.013985
28.006449,3.675625,-0.443855,7.028358,-0.019319
28.052437,3.656336,-0.402108,7.036004,-0.024623
28.098424,3.637097,-0.360339,7.041530,-0.029893
28.144412,3.617916,-0.318542,7.046965,-0.035128
28.190399,3.598804,-0.276714,7.050645,-0.040327
28.236387,3.579771,-0.234850,7.053854,-0.045490
28.282375,3.560828,-0.192945,7.055679,-0.050619
28.328362,3.541984,-0.150996,7.056647,-0.055715
28.374350,3.523250,-0.108997,7.056612,-0.060781
28.420337,3.504635,-0.066946,7.055332,-0.065819
28.466325,3.486150,-0.024837,7.053430,-0.070831
28.512313,3.467804,0.017332,7.049891,-0.075820
28.558300,3.449608,0.059566,7.046118,-0.080785
28.604288,3.431570,0.101869,7.040339,-0.085723
28.650275,3.413702,0.144243,7.034561,-0.090635
28.696263,3.396013,0.186692,7.026702,-0.095511
28.742251,3.378512,0.229219,7.018694,-0.100351
28.788238,3.361208,0.271826,7.009002,-0.105147
28.834226,3.344113,0.314518,6.998786,-0.109896
28.880213,3.327234,0.357296,6.987271,-0.114598
28.926201,3.310583,0.400162,6.974860,-0.119250
28.972189,3.294168,0.443120,6.961540,-0.123856
29.018176,3.277999,0.486170,6.946967,-0.128418
29.064164,3.262086,0.529316,6.931858,-0.132937
29.110151,3.246440,0.572560,6.915136,-0.137416
29.156139,3.231070,0.615902,6.898253,-0.141855
29.202127,3.215987,0.659345,6.879495,-0.146256
29.248114,3.201199,0.702889,6.860736,-0.150617
29.294102,3.186718,0.746536,6.840248,-0.154938
29.340089,3.172553,0.790287,6.819584,-0.159218
29.386077,3.158712,0.834141,6.797506,-0.163455
29.432065,3.145205,0.878099,6.774921,-0.167650
29.478052,3.132040,0.922161,6.751242,-0.171801
29.524040,3.119227,0.966326,6.726721,-0.175907
29.570027,3.106773,1.010594,6.701505,-0.179966
29.616015,3.094689,1.054964,6.675221,-0.183975
29.662003,3.082983,1.099436,6.648558,-0.187936
29.707990,3.071663,1.144007,6.620576,-0.191848
29.753978,3.060740,1.188677,6.592509,-0.195712
29.799965,3.050221,1.233444,6.562923,-0.199536
29.845953,3.040116,1.278306,6.533338,-0.203324
29.891941,3.030433,1.323261,6.502379,-0.207092
29.937928,3.021181,1.368306,6.471235,-0.210844
29.983916,3.012368,1.413440,6.439067,-0.214594
30.029903,3.004003,1.458658,6.406481,-0.218348
30.075891,2.996094,1.503958,6.373190,-0.222107
30.121879,2.988649,1.549337,6.339297,-0.225868
30.167866,2.981676,1.594791,6.304965,-0.229629
30.213854,2.975182,1.640316,6.269879,-0.233375
30.259841,2.969177,1.685907,6.234576,-0.237107
30.305829,2.963668,1.731562,6.198391,-0.240817
30.351817,2.958662,1.777274,6.162178,-0.244506
30.397804,2.954169,1.823039,6.124973,-0.248189
30.443792,2.950196,1.868852,6.087768,-0.251870
30.489779,2.946751,1.914708,6.049878,-0.255574
30.535767,2.943844,1.960601,6.011873,-0.259312
30.581755,2.941483,2.006525,5.973376,-0.263102
30.627742,2.939677,2.052474,5.934654,-0.266957
30.673730,2.938435,2.098442,5.895714,-0.270880
30.719717,2.937765,2.144422,5.856570,-0.274875
30.765705,2.937677,2.190406,5.817339,-0.278941
30.811693,2.938179,2.236388,5.777942,-0.283072
30.857680,2.939276,2.282359,5.738458,-0.287267
30.903668,2.940978,2.328312,5.698553,-0.291518
30.949655,2.943291,2.374238,5.658648,-0.295826
30.995643,2.946221,2.420129,5.618408,-0.300187
31.041631,2.949777,2.465975,5.578169,-0.304602
31.087618,2.953965,2.511768,5.537952,-0.309069
31.133606,2.958795,2.557497,5.497741,-0.313590
31.179593,2.964276,2.603153,5.457566,-0.318165
31.225581,2.970417,2.648725,5.417410,-0.322797
31.271569,2.977228,2.694201,5.377445,-0.327491
31.317556,2.984719,2.739570,5.337681,-0.332253
31.363544,2.992898,2.784819,5.298073,-0.337090
31.409531,3.001776,2.829937,5.258803,-0.342015
31.455519,3.011361,2.874910,5.219599,-0.347031
31.501507,3.021660,2.919724,5.180783,-0.352145
31.547494,3.032682,2.964366,5.141967,-0.357361
31.593482,3.044433,3.008822,5.103740,-0.362667
31.639469,3.056920,3.053076,5.065528,-0.368062
31.685457,3.070151,3.097113,5.027962,-0.373530
31.731445,3.084133,3.140918,4.990552,-0.379061
31.777432,3.098871,3.184474,4.953688,-0.384648
31.823420,3.114373,3.227763,4.917139,-0.390281
31.869407,3.130645,3.270769,4.881027,-0.395961
31.915395,3.147693,3.313473,4.845420,-0.401684
31.961383,3.165523,3.355856,4.810160,-0.407452
32.007370,3.184141,3.397899,4.775739,-0.413260
32.053358,3.203550,3.439582,4.741478,-0.419108
32.099345,3.223755,3.480885,4.708378,-0.424975
32.145333,3.244761,3.521786,4.675278,-0.430859
32.191321,3.266571,3.562265,4.643483,-0.436735
32.237308,3.289186,3.602298,4.611756,-0.442594
32.283296,3.312611,3.641863,4.581198,-0.448424
32.329283,3.336844,3.680937,4.550971,-0.454215
32.375271,3.361889,3.719497,4.521666,-0.459970
32.421259,3.387744,3.757517,4.492956,-0.465686
32.467246,3.414410,3.794973,4.464991,-0.471369
32.513234,3.441886,3.831839,4.437987,-0.477021
32.559221,3.470168,3.868089,4.411429,-0.482645
32.605209,3.499254,3.903697,4.386100,-0.488229
32.651197,3.529139,3.938637,4.360946,-0.493777
32.697184,3.559817,3.972883,4.337463,-0.499257
32.743172,3.591280,4.006408,4.313981,-0.504663
32.789159,3.623519,4.039187,4.292044,-0.509960
32.835147,3.656524,4.071195,4.270234,-0.515132
32.881135,3.690282,4.102408,4.249794,-0.520164
32.927122,3.724781,4.132799,4.229801,-0.525036
32.973110,3.760006,4.162346,4.210910,-0.529749
33.019097,3.795942,4.191022,4.192807,-0.534296
33.065085,3.832575,4.218804,4.175451,-0.538683
33.111073,3.869887,4.245665,4.159162,-0.542908
33.157060,3.907862,4.271580,4.143308,-0.546974
33.203048,3.946482,4.296524,4.128829,-0.550872
33.249035,3.985726,4.320472,4.114479,-0.554603
33.295023,4.025576,4.343400,4.101865,-0.558152
33.341011,4.066007,4.365285,4.089250,-0.561517
33.386998,4.106997,4.386105,4.078264,-0.564691
33.432986,4.148519,4.405840,4.067463,-0.567668
33.478973,4.190549,4.424471,4.057967,-0.570447
33.524961,4.233058,4.441981,4.048959,-0.573026
33.570949,4.276018,4.458353,4.040951,-0.575404
33.616936,4.319399,4.473571,4.033740,-0.577573
33.662924,4.363173,4.487621,4.027227,-0.579531
33.708911,4.407310,4.500487,4.021827,-0.581260
33.754899,4.451778,4.512155,4.016822,-0.582758
33.800887,4.496546,4.522613,4.013265,-0.584006
33.846874,4.541582,4.531848,4.009793,-0.585001
33.892862,4.586854,4.539851,4.008162,-0.585734
33.938849,4.632327,4.546615,4.006531,-0.586203
33.984837,4.677968,4.552134,4.006584,-0.586410
34.030825,4.723743,4.556404,4.006883,-0.586359
34.076812,4.769617,4.559424,4.008560,-0.586050
34.122800,4.815556,4.561193,4.010824,-0.585488
34.168787,4.861527,4.561711,4.014184,-0.584670
34.214775,4.907495,4.560981,4.018515,-0.583593
34.260763,4.953427,4.559003,4.023584,-0.582254
34.306750,4.999288,4.555782,4.029971,-0.580652
34.352738,5.045045,4.551323,4.036737,-0.578786
34.398725,5.090665,4.545629,4.045138,-0.576672
34.444713,5.136116,4.538710,4.053574,-0.574313
34.490701,5.181365,4.530575,4.064009,-0.571733
34.536688,5.226381,4.521234,4.074443,-0.568945
34.582676,5.271133,4.510700,4.086702,-0.565956
34.628663,5.315591,4.498990,4.099291,-0.562777
34.674651,5.359728,4.486118,4.113295,-0.559400
34.720639,5.403515,4.472103,4.127978,-0.555818
34.766626,5.446927,4.456962,4.143738,-0.552021
34.812614,5.489937,4.440716,4.160554,-0.547999
34.858601,5.532521,4.423384,4.178096,-0.543745
34.904589,5.574656,4.404986,4.197088,-0.539269
34.950577,5.616319,4.385542,4.216415,-0.534570
34.996564,5.657488,4.365072,4.237463,-0.529683
35.042552,5.698143,4.343599,4.258511,-0.524616
35.088539,5.738264,4.321143,4.281621,-0.519404
35.134527,5.777832,4.297726,4.304749,-0.514072
35.180515,5.816830,4.273372,4.329453,-0.508636
35.226502,5.855242,4.248103,4.354501,-0.503124
35.272490,5.893053,4.221943,4.380951,-0.497536
35.318477,5.930250,4.194917,4.408154,-0.491887
35.364465,5.966822,4.167050,4.436276,-0.486172
35.410453,6.002758,4.138367,4.465395,-0.480396
35.456440,6.038050,4.108894,4.495032,-0.474554
35.502428,6.072688,4.078656,4.525833,-0.468651
35.548415,6.106667,4.047679,4.556847,-0.462683
35.594403,6.139980,4.015986,4.589203,-0.456664
35.640391,6.172622,3.983602,4.621558,-0.450594
35.686378,6.204588,3.950550,4.655127,-0.444485
35.732366,6.235873,3.916852,4.688739,-0.438346
35.778353,6.266474,3.882532,4.723220,-0.432183
35.824341,6.296388,3.847612,4.757926,-0.426013
35.870329,6.325613,3.812112,4.793262,-0.419836
35.916316,6.354148,3.776056,4.828979,-0.413673
35.962304,6.381993,3.739463,4.865072,-0.407524
36.008291,6.409149,3.702356,4.901620,-0.401402
36.054279,6.435616,3.664754,4.938306,-0.395305
36.100267,6.461397,3.626678,4.975347,-0.389234
36.146254,6.486493,3.588148,5.012419,-0.383185
36.192242,6.510909,3.549183,5.049736,-0.377149
36.238229,6.534647,3.509801,5.087054,-0.371117
36.284217,6.557711,3.470019,5.124446,-0.365083
36.330205,6.580104,3.429857,5.161843,-0.359039
36.376192,6.601831,3.389330,5.199161,-0.352981
36.422180,6.622897,3.348455,5.236455,-0.346909
36.468167,6.643307,3.307249,5.273569,-0.340821
36.514155,6.663067,3.265727,5.310563,-0.334723
36.560143,6.682184,3.223905,5.347341,-0.328614
36.606130,6.700665,3.181798,5.383832,-0.322499
36.652118,6.718517,3.139420,5.420154,-0.316377
36.698105,6.735749,3.096786,5.455989,-0.310250
36.744093,6.752369,3.053910,5.491760,-0.304117
36.790081,6.768386,3.010804,5.526850,-0.297974
36.836068,6.783809,2.967483,5.561940,-0.291819
36.882056,6.798647,2.923958,5.596178,-0.285645
36.928044,6.812911,2.880240,5.630336,-0.279447
36.974031,6.826610,2.836343,5.663748,-0.273220
37.020019,6.839756,2.792276,5.696903,-0.266959
37.066006,6.852358,2.748051,5.729449,-0.260659
37.111994,6.864429,2.703678,5.761540,-0.254319
37.157982,6.875980,2.659167,5.793172,-0.247935
37.203969,6.887022,2.614526,5.824122,-0.241511
37.249957,6.897567,2.569766,5.854787,-0.235043
37.295944,6.907628,2.524894,5.884502,-0.228537
37.341932,6.917215,2.479918,5.914142,-0.221992
37.387920,6.926341,2.434847,5.942601,-0.215412
37.433907,6.935019,2.389686,5.971059,-0.208799
37.479895,6.943259,2.344444,5.998345,-0.202155
37.525882,6.951075,2.299127,6.025485,-0.195483
37.571870,6.958479,2.253740,6.051667,-0.188783
37.617858,6.965484,2.208290,6.077473,-0.182057
37.663845,6.972104,2.162783,6.102506,-0.175306
37.709833,6.978352,2.117222,6.126899,-0.168530
37.755820,6.984244,2.071615,6.150737,-0.161730
37.801808,6.989793,2.025964,6.173653,-0.154905
37.847796,6.995014,1.980274,6.196252,-0.148054
37.893783,6.999923,1.934550,6.217617,-0.141174
37.939771,7.004534,1.888795,6.238929,-0.134262
37.985758,7.008862,1.843012,6.258686,-0.127315
38.031746,7.012921,1.797204,6.278444,-0.120332
38.077734,7.016727,1.751374,6.296811,-0.113312
38.123721,7.020294,1.705526,6.314956,-0.106259
38.169709,7.023637,1.659660,6.331960,-0.099176
38.215696,7.026770,1.613780,6.348456,-0.092072
38.261684,7.029709,1.567886,6.364060,-0.084950
38.307672,7.032468,1.521982,6.378844,-0.077821
38.353659,7.035062,1.476067,6.393025,-0.070689
38.399647,7.037507,1.430145,6.406083,-0.063557
38.445634,7.039816,1.384216,6.418827,-0.056428
38.491622,7.042006,1.338280,6.430132,-0.049303
38.537610,7.044090,1.292340,6.441423,-0.042180
38.583597,7.046085,1.246396,6.450936,-0.035060
38.629585,7.048005,1.200448,6.460450,-0.027943
38.675572,7.049866,1.154498,6.468414,-0.020828
38.721560,7.051683,1.108547,6.476076,-0.013717
38.767548,7.053471,1.062594,6.482505,-0.006611
38.813535,7.055245,1.016640,6.488315,0.000486
38.859523,7.057020,0.970687,6.493194,0.007574
38.905510,7.058812,0.924734,6.497124,0.014651
38.951498,7.060637,0.878783,6.500437,0.021714
38.997486,7.062508,0.832834,6.502463,0.028761
39.043473,7.064441,0.786887,6.504192,0.035792
39.089461,7.066452,0.740943,6.504277,0.042803
39.135448,7.068555,0.695004,6.504362,0.049791
39.181436,7.070765,0.649069,6.502538,0.056755
39.227424,7.073096,0.603141,6.500679,0.063690
39.273411,7.075564,0.557220,6.497243,0.070592
39.319399,7.078184,0.511307,6.493441,0.077456
39.365386,7.080969,0.465404,6.488398,0.084280
39.411374,7.083935,0.419512,6.482658,0.091056
39.457362,7.087095,0.373633,6.476013,0.097783
39.503349,7.090464,0.327769,6.468346,0.104455
39.549337,7.094056,0.281923,6.460108,0.111070
39.595324,7.097885,0.236095,6.450527,0.117623
39.641312,7.101965,0.190289,6.440710,0.124110
39.687300,7.106310,0.144507,6.429275,0.130528
39.733287,7.110934,0.098753,6.417841,0.136873
39.779275,7.115850,0.053030,6.404683,0.143141
39.825262,7.121071,0.007340,6.391446,0.149326
39.871250,7.126611,-0.038312,6.376863,0.155425
39.917238,7.132483,-0.083923,6.361913,0.161432
39.963225,7.138700,-0.129488,6.345966,0.167344
40.009213,7.145273,-0.175003,6.329394,0.173154
40.055200,7.152215,-0.220463,6.312152,0.178862
40.101188,7.159537,-0.265863,6.294068,0.184461
40.147176,7.167252,-0.311198,6.275611,0.189948
40.193163,7.175369,-0.356463,6.256161,0.195320
40.239151,7.183901,-0.401651,6.236587,0.200571
40.285138,7.192856,-0.446757,6.215917,0.205701
40.331126,7.202246,-0.491775,6.195247,0.210703
40.377114,7.212080,-0.536698,6.173596,0.215576
40.423101,7.222367,-0.581519,6.151873,0.220317
40.469089,7.233116,-0.626232,6.129517,0.224927
40.515076,7.244336,-0.670829,6.106962,0.229402
40.561064,7.256034,-0.715303,6.083989,0.233745
40.607052,7.268217,-0.759646,6.060723,0.237956
40.653039,7.280893,-0.803851,6.037246,0.242037
40.699027,7.294068,-0.847909,6.013472,0.245988
40.745014,7.307749,-0.891813,5.989638,0.249812
40.791002,7.321942,-0.935555,5.965622,0.253510
40.836990,7.336650,-0.979125,5.941602,0.257084
40.882977,7.351880,-1.022516,5.917538,0.260536
40.928965,7.367637,-1.065719,5.893474,0.263868
40.974952,7.383923,-1.108725,5.869570,0.267084
41.020940,7.400742,-1.151525,5.845683,0.270192
41.066928,7.418098,-1.194110,5.822072,0.273195
41.112915,7.435994,-1.236471,5.798562,0.276106
41.158903,7.454431,-1.278599,5.775379,0.278929
41.204890,7.473413,-1.320485,5.752451,0.281675
41.250878,7.492940,-1.362120,5.729832,0.284351
41.296866,7.513013,-1.403493,5.707695,0.286958
41.342853,7.533635,-1.444596,5.685771,0.289499
41.388841,7.554806,-1.485419,5.664600,0.291970
41.434828,7.576525,-1.525953,5.643487,0.294367
41.480816,7.598794,-1.566188,5.623473,0.296687
41.526804,7.621611,-1.606114,5.603459,0.298917
41.572791,7.644977,-1.645721,5.584578,0.301056
41.618779,7.668890,-1.685001,5.565853,0.303097
41.664766,7.693349,-1.723943,5.548105,0.305037
41.710754,7.718354,-1.762536,5.530759,0.306878
41.756742,7.743903,-1.800772,5.514372,0.308620
41.802729,7.769994,-1.838640,5.498809,0.310271
41.848717,7.796627,-1.876129,5.483817,0.311836
41.894704,7.823800,-1.913228,5.469811,0.313323
41.940692,7.851510,-1.949928,5.456145,0.314739
41.986680,7.879755,-1.986217,5.443881,0.316089
42.032667,7.908532,-2.022086,5.431663,0.317379
42.078655,7.937838,-2.057525,5.421286,0.318608
42.124642,7.967667,-2.092524,5.410910,0.319770
42.170630,7.998014,-2.127075,5.402264,0.320862
42.216618,8.028874,-2.161169,5.393916,0.321865
42.262605,8.060240,-2.194797,5.387117,0.322775
42.308593,8.092107,-2.227953,5.381039,0.323567
42.354580,8.124465,-2.260627,5.376161,0.324235
42.400568,8.157310,-2.292814,5.372428,0.324764
42.446556,8.190633,-2.324504,5.369488,0.325148
42.492543,8.224428,-2.355691,5.368086,0.325382
42.538531,8.258688,-2.386367,5.367086,0.325466
42.584518,8.293405,-2.416524,5.368058,0.325401
42.630506,8.328573,-2.446154,5.369030,0.325197
42.676494,8.364185,-2.475250,5.372299,0.324859
42.722481,8.400232,-2.503804,5.375571,0.324405
42.768469,8.436708,-2.531809,5.380795,0.323838
42.814456,8.473603,-2.559259,5.386425,0.323179
42.860444,8.510909,-2.586148,5.393607,0.322431
42.906432,8.548616,-2.612472,5.401602,0.321599
42.952419,8.586715,-2.638225,5.410749,0.320686
42.998407,8.625195,-2.663405,5.421116,0.319684
43.044394,8.664047,-2.688008,5.432215,0.318589
43.090382,8.703259,-2.712032,5.444908,0.317393
43.136370,8.742822,-2.735474,5.457943,0.316084
43.182357,8.782725,-2.758334,5.473009,0.314659
43.228345,8.822957,-2.780609,5.488076,0.313113
43.274332,8.863507,-2.802299,5.505301,0.311446
43.320320,8.904365,-2.823403,5.522585,0.309664
43.366308,8.945521,-2.843921,5.541579,0.307770
43.412295,8.986964,-2.863853,5.560995,0.305781
43.458283,9.028684,-2.883197,5.581656,0.303701
43.504270,9.070672,-2.901955,5.603046,0.301548
43.550258,9.112916,-2.920126,5.625288,0.299329
43.596246,9.155408,-2.937712,5.648531,0.297055
43.642233,9.198138,-2.954712,5.672267,0.294734
43.688221,9.241095,-2.971128,5.697215,0.292372
43.734208,9.284270,-2.986961,5.722347,0.289976
43.780196,9.327654,-3.002214,5.748848,0.287549
43.826184,9.371237,-3.016889,5.775348,0.285098
43.872171,9.415009,-3.030988,5.803207,0.282623
43.918159,9.458962,-3.044515,5.831141,0.280127
43.964146,9.503086,-3.057472,5.860025,0.277608
44.010134,9.547372,-3.069863,5.889183,0.275067
44.056122,9.591812,-3.081692,5.918998,0.272502
44.102109,9.636397,-3.092961,5.949243,0.269913
44.148097,9.681119,-3.103676,5.979868,0.267301
44.194084,9.725969,-3.113841,6.010988,0.264669
44.240072,9.770939,-3.123459,6.042296,0.262020
44.286060,9.816022,-3.132535,6.074127,0.259356
44.332047,9.861210,-3.141073,6.106006,0.256685
44.378035,9.906495,-3.149078,6.138355,0.254007
44.424022,9.951871,-3.156554,6.170704,0.251329
44.470010,9.997330,-3.163506,6.203364,0.248651
44.515998,10.042865,-3.169939,6.236051,0.245979
44.561985,10.088470,-3.175856,6.268867,0.243312
44.607973,10.134139,-3.181264,6.301726,0.240649
44.653960,10.179864,-3.186166,6.334589,0.237989
44.699948,10.225641,-3.190567,6.367455,0.235327
44.745936,10.271462,-3.194474,6.400264,0.232659
44.791923,10.317322,-3.197890,6.432989,0.229981
44.837911,10.363216,-3.200821,6.465643,0.227286
44.883898,10.409139,-3.203272,6.498067,0.224574
44.929886,10.455084,-3.205248,6.530460,0.221838
44.975874,10.501047,-3.206755,6.562434,0.219078
45.021861,10.547022,-3.207798,6.594408,0.216293
45.067849,10.593006,-3.208382,6.625843,0.213483
45.113836,10.638994,-3.208513,6.657216,0.210649
45.159824,10.684980,-3.208196,6.688125,0.207791
45.205812,10.730961,-3.207437,6.718860,0.204910
45.251799,10.776934,-3.206241,6.749177,0.202006
45.297787,10.822892,-3.204614,6.779159,0.199080
45.343774,10.868834,-3.202563,6.808762,0.196129
45.389762,10.914756,-3.200094,6.837754,0.193151
45.435750,10.960653,-3.197213,6.866545,0.190141
45.481737,11.006523,-3.193929,6.894584,0.187097
45.527725,11.052363,-3.190247,6.922582,0.184010
45.573712,11.098170,-3.186176,6.949614,0.180880
45.619700,11.143942,-3.181722,6.976646,0.177701
45.665688,11.189675,-3.176894,7.002702,0.174473
45.711675,11.235368,-3.171697,7.028612,0.171195
45.757663,11.281019,-3.166140,7.053670,0.167867
45.803650,11.326625,-3.160229,7.078362,0.164494
45.849638,11.372185,-3.153972,7.102405,0.161078
45.895626,11.417697,-3.147375,7.125870,0.157621
45.941613,11.463160,-3.140446,7.148891,0.154128
45.987601,11.508572,-3.133193,7.171115,0.150600
46.033588,11.553932,-3.125622,7.193061,0.147039
46.079576,11.599240,-3.117741,7.213795,0.143446
46.125564,11.644493,-3.109558,7.234507,0.139822
46.171551,11.689693,-3.101081,7.253808,0.136167
46.217539,11.734838,-3.092319,7.273109,0.132484
46.263526,11.779929,-3.083279,7.291113,0.128772
46.309514,11.824964,-3.073970,7.308877,0.125034
46.355502,11.869945,-3.064401,7.325577,0.121271
46.401489,11.914872,-3.054580,7.341761,0.117486
46.447477,11.959745,-3.044514,7.357121,0.113680
46.493464,12.004564,-3.034212,7.371664,0.109858
46.539452,12.049330,-3.023683,7.385645,0.106025
46.585440,12.094043,-3.012934,7.398489,0.102185
46.631427,12.138706,-3.001975,7.411055,0.098347
46.677415,12.183319,-2.990813,7.422164,0.094513
46.723402,12.227882,-2.979457,7.433273,0.090691
46.769390,12.272398,-2.967917,7.442670,0.086882
46.815378,12.316868,-2.956200,7.452047,0.083087
46.861365,12.361294,-2.944315,7.459987,0.079307
46.907353,12.405676,-2.932271,7.467608,0.075542
46.953340,12.450017,-2.920076,7.474071,0.071792
46.999328,12.494319,-2.907737,7.479902,0.068062
47.045316,12.538582,-2.895262,7.484859,0.064353
47.091303,12.582809,-2.882660,7.488853,0.060671
47.137291,12.627002,-2.869938,7.492258,0.057026
47.183278,12.671162,-2.857102,7.494320,0.053420
47.229266,12.715291,-2.844160,7.496115,0.049862
47.275254,12.759391,-2.831119,7.496186,0.046354
47.321241,12.803463,-2.817986,7.496256,0.042899
47.367229,12.847510,-2.804768,7.494271,0.039498
47.413217,12.891534,-2.791472,7.492208,0.036151
47.459204,12.935536,-2.778105,7.488381,0.032858
47.505192,12.979518,-2.764673,7.484093,0.029621
47.551179,13.023483,-2.751185,7.478406,0.026442
47.597167,13.067433,-2.737646,7.471866,0.023325
47.643155,13.111369,-2.724064,7.464286,0.020273
47.689142,13.155294,-2.710445,7.455438,0.017290
47.735130,13.199209,-2.696795,7.445936,0.014382
47.781117,13.243116,-2.683120,7.434748,0.011551
47.827105,13.287018,-2.669427,7.423303,0.008805
47.873093,13.330915,-2.655719,7.409754,0.006147
47.919080,13.374810,-2.642004,7.396204,0.003589
47.965068,13.418704,-2.628287,7.380396,0.001136
48.011055,13.462599,-2.614573,7.364437,-0.001198
48.057043,13.506497,-2.600867,7.346774,-0.003405
48.103031,13.550399,-2.587174,7.328593,-0.005474
48.149018,13.594306,-2.573501,7.309053,-0.007399
48.195006,13.638222,-2.559850,7.288591,-0.009175
48.240993,13.682145,-2.546228,7.267168,-0.010796
48.286981,13.726079,-2.532637,7.244445,-0.012260
48.332969,13.770023,-2.519081,7.221151,-0.013558
48.378956,13.813979,-2.505564,7.196178,-0.014687
48.424944,13.857948,-2.492087,7.171020,-0.015632
48.470931,13.901930,-2.478655,7.143806,-0.016388
48.516919,13.945926,-2.465267,7.116592,-0.016932
48.562907,13.989936,-2.451927,7.087376,-0.017258
48.608894,14.033960,-2.438634,7.057967,-0.017343
48.654882,14.078000,-2.425390,7.026762,-0.017178
48.700869,14.122054,-2.412195,6.994928,-0.016748
48.746857,14.166122,-2.399048,6.961768,-0.016041
48.792845,14.210204,-2.385948,6.927606,-0.015049
48.838832,14.254300,-2.372894,6.892530,-0.013756
48.884820,14.298409,-2.359885,6.856077,-0.012157
48.930807,14.342531,-2.346918,6.819061,-0.010229
48.976795,14.386664,-2.333990,6.780140,-0.007967
49.022783,14.430808,-2.321098,6.741081,-0.005345
49.068770,14.474960,-2.308237,6.699752,-0.002357
49.114758,14.519121,-2.295403,6.658423,0.001020
49.160745,14.563287,-2.282590,6.614939,0.004795
49.206733,14.607458,-2.269791,6.571177,0.008986
49.252721,14.651630,-2.256998,6.525646,0.013605
49.298708,14.695802,-2.244204,6.479411,0.018665
49.344696,14.739971,-2.231398,6.431836,0.024183
49.390683,14.784134,-2.218572,6.383138,0.030167
49.436671,14.828287,-2.205713,6.333526,0.036633
49.482659,14.872427,-2.192810,6.282379,0.043586
49.528646,14.916551,-2.179850,6.230748,0.051032
49.574634,14.960653,-2.166817,6.177204,0.058975
49.620621,15.004730,-2.153698,6.123582,0.067448
49.666609,15.048775,-2.140475,6.067561,0.076456
49.712597,15.092784,-2.127130,6.011540,0.085985
49.758584,15.136750,-2.113644,5.953476,0.096033
49.804572,15.180666,-2.099997,5.895080,0.106620
49.850559,15.224525,-2.086167,5.835069,0.117760
49.896547,15.268319,-2.072133,5.774329,0.129455
49.942535,15.312039,-2.057870,5.712360,0.141704
49.988522,15.355676,-2.043353,5.649249,0.154510
50.034510,15.399219,-2.028559,5.585453,0.167867
50.080497,15.442657,-2.013459,5.520371,0.181777
50.126485,15.485979,-1.998027,5.454917,0.196229
50.172473,15.529171,-1.982236,5.387731,0.211224
50.218460,15.572219,-1.966057,5.320535,0.226748
50.264448,15.615108,-1.949459,5.251419,0.242803
50.310435,15.657821,-1.932413,5.182304,0.259368
50.356423,15.700339,-1.914889,5.111755,0.276439
50.402411,15.742644,-1.896854,5.040921,0.293991
50.448398,15.784714,-1.878279,4.969091,0.312006
50.494386,15.826527,-1.859128,4.896755,0.330470
50.540373,15.868055,-1.839371,4.823849,0.349353
50.586361,15.909274,-1.818974,4.750357,0.368657
50.632349,15.950153,-1.797905,4.676635,0.388355
50.678336,15.990662,-1.776132,4.602431,0.408458
50.724324,16.030766,-1.753623,4.528202,0.428950
50.770311,16.070430,-1.730346,4.453839,0.449845
50.816299,16.109615,-1.706272,4.379475,0.471077
50.862287,16.148280,-1.681371,4.305538,0.492649
50.908274,16.186382,-1.655616,4.231609,0.514506
50.954262,16.223872,-1.628979,4.158558,0.536638
51.000249,16.260702,-1.601436,4.085716,0.558965
51.046237,16.296820,-1.572966,4.014058,0.581401
51.092225,16.332171,-1.543549,3.943074,0.603913
51.138212,16.366698,-1.513170,3.873168,0.626390
51.184200,16.400341,-1.481814,3.804496,0.648833
51.230187,16.433037,-1.449473,3.736556,0.671105
51.276175,16.464721,-1.416141,3.670357,0.693224
51.322163,16.495325,-1.381814,3.604479,0.715045
51.368150,16.524776,-1.346495,3.540851,0.736584
51.414138,16.553003,-1.310191,3.477223,0.757698
51.460125,16.579930,-1.272913,3.416234,0.778376
51.506113,16.605479,-1.234678,3.355373,0.798513
51.552101,16.629575,-1.195513,3.296907,0.818056
51.598088,16.652140,-1.155447,3.239105,0.836958
51.644076,16.673100,-1.114520,3.183351,0.855127
51.690063,16.692382,-1.072777,3.128898,0.872562
51.736051,16.709915,-1.030272,3.076125,0.889148
51.782039,16.725633,-0.987065,3.025485,0.904905
51.828026,16.739472,-0.943221,2.976058,0.919706
51.874014,16.751375,-0.898814,2.929912,0.933574
51.920001,16.761288,-0.853922,2.884293,0.946395
51.965989,16.769162,-0.808631,2.843469,0.958177
52.011977,16.774956,-0.763027,2.802645,0.968855
52.057964,16.778636,-0.717207,2.767458,0.978417
52.103952,16.780171,-0.671266,2.732707,0.986843
52.149939,16.779544,-0.625306,2.702983,0.994103
52.195927,16.776739,-0.579428,2.674872,1.000197
52.241915,16.771755,-0.533738,2.650881,1.005077
52.287902,16.764593,-0.488339,2.629799,1.008753
52.333890,16.755264,-0.443337,2.611569,1.011178
52.379877,16.743787,-0.398835,2.597356,1.012361
52.425865,16.730188,-0.354936,2.584776,1.012299
52.471853,16.714500,-0.311741,2.577247,1.010992
52.517840,16.696762,-0.269348,2.570165,1.008484
52.563828,16.677020,-0.227850,2.568735,1.004774
52.609815,16.655325,-0.187341,2.567304,0.999929
52.655803,16.631734,-0.147906,2.571051,0.993967
52.701791,16.606308,-0.109628,2.575359,0.986948
52.747778,16.579116,-0.072586,2.583712,0.978933
52.793766,16.550227,-0.036851,2.593550,0.969953
52.839753,16.519719,-0.002487,2.607538,0.960115
52.885741,16.487673,0.030448,2.624782,0.949417
52.931729,16.454173,0.061903,2.644976,0.937983
52.977716,16.419307,0.091837,2.669796,0.925794
53.023704,16.383163,0.120216,2.696251,0.912963
53.069691,16.345830,0.147014,2.728558,0.899470
53.115679,16.307398,0.172210,2.761208,0.885403
53.161667,16.267953,0.195793,2.800724,0.870756
53.207654,16.227582,0.217753,2.840240,0.855586
53.253642,16.186368,0.238092,2.885367,0.839918
53.299629,16.144393,0.256811,2.931284,0.823776
53.345617,16.101735,0.273919,2.980681,0.807225
53.391605,16.058470,0.289429,3.031531,0.790260
53.437592,16.014668,0.303357,3.084214,0.772984
53.483580,15.970398,0.315721,3.138492,0.755374
53.529567,15.925725,0.326544,3.193658,0.737542
53.575555,15.880711,0.335848,3.250379,0.719463
53.621543,15.835413,0.343661,3.307451,0.701232
53.667530,15.789885,0.350012,3.365995,0.682839
53.713518,15.744180,0.354930,3.424566,0.664361
53.759505,15.698345,0.358448,3.484343,0.645813
53.805493,15.652425,0.360600,3.544120,0.627241
53.851481,15.606461,0.361422,3.604463,0.608695
53.897468,15.560491,0.360948,3.664905,0.590184
53.943456,15.514550,0.359218,3.725277,0.571768
53.989443,15.468671,0.356269,3.785617,0.553432
54.035431,15.422881,0.352143,3.845899,0.535221
54.081419,15.377207,0.346881,3.906125,0.517114
54.127406,15.331672,0.340527,3.966445,0.499135
54.173394,15.286294,0.333127,4.026951,0.481267
54.219381,15.241089,0.324726,4.087327,0.463523
54.265369,15.196072,0.315370,4.147058,0.445893
54.311357,15.151253,0.305106,4.206789,0.428388
54.357344,15.106639,0.293977,4.265533,0.411008
54.403332,15.062238,0.282028,4.324273,0.393766
54.449319,15.018053,0.269299,4.382103,0.376684
54.495307,14.974087,0.255831,4.439741,0.359773
54.541295,14.930342,0.241662,4.496539,0.343088
54.587282,14.886817,0.226828,4.552892,0.326638
54.633270,14.843512,0.211364,4.608470,0.310502
54.679257,14.800423,0.195305,4.663217,0.294688
54.725245,14.757548,0.178683,4.717380,0.279267
54.771233,14.714882,0.161530,4.770255,0.264248
54.817220,14.672420,0.143878,4.822857,0.249662
54.863208,14.630155,0.125757,4.873796,0.235518
54.909195,14.588081,0.107199,4.924735,0.221812
54.955183,14.546189,0.088232,4.973577,0.208542
55.001171,14.504470,0.068886,5.022354,0.195695
55.047158,14.462916,0.049189,5.069276,0.183259
55.093146,14.421517,0.029167,5.115733,0.171224
55.139133,14.380264,0.008845,5.160613,0.159578
55.185121,14.339149,-0.011754,5.204560,0.148313
55.231109,14.298161,-0.032606,5.247310,0.137424
55.277096,14.257294,-0.053693,5.288640,0.126906
55.323084,14.216537,-0.074994,5.329174,0.116764
55.369071,14.175884,-0.096491,5.367728,0.106998
55.415059,14.135326,-0.118167,5.405949,0.097620
55.461047,14.094854,-0.140004,5.441619,0.088635
55.507034,14.054460,-0.161985,5.477290,0.080047
55.553022,14.014137,-0.184096,5.510171,0.071861
55.599009,13.973876,-0.206321,5.542888,0.064072
55.644997,13.933671,-0.228645,5.573266,0.056668
55.690985,13.893513,-0.251055,5.602960,0.049641
55.736972,13.853397,-0.273539,5.630806,0.042960
55.782960,13.813315,-0.296084,5.657433,0.036617
55.828947,13.773261,-0.318680,5.682720,0.030579
55.874935,13.733230,-0.341315,5.706244,0.024839
55.920923,13.693215,-0.363979,5.728953,0.019374
55.966910,13.653211,-0.386664,5.749349,0.014174
56.012898,13.613215,-0.409360,5.769463,0.009224
56.058885,13.573220,-0.432059,5.786715,0.004514
56.104873,13.533222,-0.454753,5.803967,0.000029
56.150861,13.493217,-0.477436,5.818314,-0.004247
56.196848,13.453202,-0.500099,5.832403,-0.008326
56.242836,13.413172,-0.522736,5.844113,-0.012230
56.288823,13.373124,-0.545342,5.855021,-0.015967
56.334811,13.333054,-0.567910,5.864084,-0.019557
56.380799,13.292961,-0.590435,5.871793,-0.023006
56.426786,13.252841,-0.612913,5.878196,-0.026328
56.472774,13.212691,-0.635337,5.882687,-0.029528
56.518761,13.172509,-0.657703,5.886417,-0.032623
56.564749,13.132292,-0.680007,5.887665,-0.035620
56.610737,13.092038,-0.702243,5.888704,-0.038545
56.656724,13.051744,-0.724408,5.886678,-0.041418
56.702712,13.011408,-0.746495,5.884652,-0.044267
56.748699,12.971027,-0.768501,5.879652,-0.047134
56.794687,12.930599,-0.790419,5.874293,-0.050042
56.840675,12.890121,-0.812244,5.866471,-0.053048
56.886662,12.849590,-0.833972,5.857698,-0.056166
56.932650,12.809004,-0.855597,5.847013,-0.059445
56.978637,12.768360,-0.877113,5.834767,-0.062896
57.024625,12.727656,-0.898515,5.821149,-0.066546
57.070613,12.686891,-0.919799,5.805288,-0.070403
57.116600,12.646061,-0.940960,5.788663,-0.074484
57.162588,12.605165,-0.961993,5.769145,-0.078796
57.208575,12.564202,-0.982893,5.749494,-0.083363
57.254563,12.523167,-1.003654,5.726502,-0.088208
57.300551,12.482060,-1.024270,5.703510,-0.093357
57.346538,12.440877,-1.044734,5.677380,-0.098858
57.392526,12.399613,-1.065036,5.650770,-0.104732
57.438513,12.358266,-1.085166,5.621708,-0.111044
57.484501,12.316829,-1.105112,5.591574,-0.117810
57.530489,12.275299,-1.124861,5.559406,-0.125093
57.576476,12.233668,-1.144399,5.525396,-0.132907
57.622464,12.191933,-1.163710,5.489850,-0.141307
57.668451,12.150085,-1.182779,5.451503,-0.150313
57.714439,12.108121,-1.201589,5.412488,-0.159969
57.760427,12.066035,-1.220123,5.370496,-0.170304
57.806414,12.023821,-1.238363,5.328455,-0.181347
57.852402,11.981472,-1.256290,5.282430,-0.193135
57.898389,11.938984,-1.273884,5.236406,-0.205679
57.944377,11.896350,-1.291120,5.187269,-0.219006
57.990365,11.853564,-1.307974,5.137546,-0.233118
58.036352,11.810619,-1.324419,5.085096,-0.248009
58.082340,11.767509,-1.340423,5.031306,-0.263685
58.128328,11.724226,-1.355956,4.975553,-0.280121
58.174315,11.680765,-1.370982,4.917830,-0.297322
58.220303,11.637121,-1.385465,4.858899,-0.315278
58.266290,11.593288,-1.399365,4.797498,-0.333996
58.312278,11.549263,-1.412644,4.735585,-0.353482
58.358266,11.505044,-1.425257,4.670936,-0.373750
58.404253,11.460628,-1.437160,4.606286,-0.394798
58.450241,11.416017,-1.448306,4.538649,-0.416621
58.496228,11.371213,-1.458643,4.470972,-0.439212
58.542216,11.326219,-1.468120,4.401024,-0.462505
58.588204,11.281043,-1.476680,4.330562,-0.486500
58.634191,11.235694,-1.484268,4.258716,-0.511068
58.680179,11.190186,-1.490823,4.186107,-0.536216
58.726166,11.144535,-1.496287,4.112717,-0.561792
58.772154,11.098761,-1.500600,4.038460,-0.587796
58.818142,11.052891,-1.503700,3.963886,-0.614095
58.864129,11.006953,-1.505528,3.888584,-0.640663
58.910117,10.960983,-1.506021,3.813271,-0.667409
58.956104,10.915021,-1.505121,3.737878,-0.694254
59.002092,10.869110,-1.502764,3.662486,-0.721156
59.048080,10.823305,-1.498893,3.587613,-0.747966
59.094067,10.777660,-1.493447,3.512761,-0.774683
59.140055,10.732242,-1.486369,3.438563,-0.801086
59.186042,10.687120,-1.477606,3.364539,-0.827200
59.232030,10.642371,-1.467109,3.291389,-0.852761
59.278018,10.598078,-1.454832,3.218778,-0.877792
59.324005,10.554330,-1.440737,3.147261,-0.902050
59.369993,10.511223,-1.424796,3.077093,-0.925521
59.415980,10.468855,-1.406983,3.007962,-0.948041
59.461968,10.427330,-1.387286,2.941542,-0.969544
59.507956,10.386757,-1.365696,2.875671,-0.989950
59.553943,10.347247,-1.342220,2.814442,-1.009120
59.599931,10.308914,-1.316866,2.753214,-1.027072
59.645918,10.271872,-1.289660,2.698141,-1.043692
59.691906,10.236240,-1.260631,2.643497,-1.058971
59.737894,10.202132,-1.229825,2.594846,-1.072555
59.783881,10.169663,-1.197295,2.548047,-1.084533
59.829869,10.138943,-1.163106,2.506526,-1.095556
59.875856,10.110075,-1.127338,2.468627,-1.105787
59.921844,10.083160,-1.090075,2.434137,-1.114097
59.967832,10.058284,-1.051419,2.404315,-1.120017
60.013819,10.035531,-1.011474,2.376467,-1.123992
60.059807,10.014969,-0.970355,2.354505,-1.126354
60.105794,9.996661,-0.928181,2.333111,-1.127075
60.151782,9.980656,-0.885076,2.318246,-1.126081
60.197770,9.966996,-0.841169,2.303380,-1.123395
60.243757,9.955713,-0.796589,2.295363,-1.119062
60.289745,9.946833,-0.751467,2.288031,-1.113085
60.335732,9.940361,-0.705933,2.286658,-1.105566
60.381720,9.936286,-0.660117,2.287398,-1.096493
60.427708,9.934611,-0.614148,2.293096,-1.086034
60.473695,9.935357,-0.568155,2.302577,-1.074190
60.519683,9.938517,-0.522264,2.315430,-1.061132
60.565670,9.944018,-0.476593,2.333422,-1.046905
60.611658,9.951778,-0.431256,2.353220,-1.031613
60.657646,9.961735,-0.386354,2.379233,-1.015354
60.703633,9.973832,-0.341982,2.405639,-0.998156
60.749621,9.987998,-0.298229,2.438898,-0.980159
60.795608,10.004160,-0.255174,2.472158,-0.961322
60.841596,10.022240,-0.212891,2.510518,-0.941725
60.887584,10.042158,-0.171444,2.549552,-0.921341
60.933571,10.063834,-0.130889,2.591595,-0.900505
60.979559,10.087185,-0.091276,2.634854,-0.879174
61.025546,10.112129,-0.052648,2.679713,-0.856758
61.071534,10.138584,-0.015038,2.725929,-0.832975
61.117522,10.166467,0.021523,2.772783,-0.808863
61.163509,10.195700,0.057017,2.820724,-0.785080
61.209497,10.226201,0.091424,2.868821,-0.761293
61.255484,10.257895,0.124738,2.917546,-0.737132
61.301472,10.290705,0.156951,2.966270,-0.712607
61.347460,10.324560,0.188065,3.014988,-0.687879
61.393447,10.359388,0.218086,3.063706,-0.662908
61.439435,10.395123,0.247022,3.111880,-0.637767
61.485422,10.431699,0.274888,3.159964,-0.612420
61.531410,10.469053,0.301701,3.207280,-0.586954
61.577398,10.507126,0.327486,3.254245,-0.561348
61.623385,10.545859,0.352267,3.300431,-0.535666
61.669373,10.585199,0.376075,3.345884,-0.509913
61.715360,10.625093,0.398942,3.390707,-0.484112
61.761348,10.665492,0.420906,3.434328,-0.458284
61.807336,10.706350,0.442005,3.477586,-0.432419
61.853323,10.747623,0.462282,3.519109,-0.406534
61.899311,10.789269,0.481779,3.560627,-0.380609
61.945298,10.831252,0.500543,3.599770,-0.354658
61.991286,10.873535,0.518622,3.638913,-0.328666
62.037274,10.916084,0.536066,3.675964,-0.302668
62.083261,10.958869,0.552923,3.712592,-0.276657
62.129249,11.001861,0.569245,3.747284,-0.250685
62.175236,11.045035,0.585082,3.780984,-0.224759
62.221224,11.088366,0.600484,3.813378,-0.198929
62.267212,11.131832,0.615501,3.844413,-0.173218
62.313199,11.175412,0.630183,3.874559,-0.147659
62.359187,11.219088,0.644579,3.902806,-0.122290
62.405174,11.262842,0.658739,3.930650,-0.097129
62.451162,11.306655,0.672712,3.956173,-0.072223
62.497150,11.350512,0.686549,3.981697,-0.047584
62.543137,11.394395,0.700300,4.004473,-0.023262
62.589125,11.438290,0.714017,4.027185,0.000736
62.635112,11.482179,0.727749,4.047483,0.024368
62.681100,11.526048,0.741546,4.067201,0.047630
62.727088,11.569880,0.755459,4.085109,0.070494
62.773075,11.613660,0.769536,4.101979,0.092953
62.819063,11.657371,0.783824,4.117610,0.114990
62.865050,11.700998,0.798368,4.131810,0.136594
62.911038,11.744522,0.813215,4.145264,0.157746
62.957026,11.787927,0.828406,4.156918,0.178424
63.003013,11.831194,0.843985,4.168286,0.198612
63.049001,11.874305,0.859991,4.177602,0.218271
63.094988,11.917239,0.876463,4.186918,0.237395
63.140976,11.959977,0.893438,4.194195,0.255942
63.186964,12.002497,0.910952,4.201368,0.273909
63.232951,12.044776,0.929037,4.207068,0.291264
63.278939,12.086792,0.947725,4.212354,0.308005
63.324926,12.128521,0.967046,4.216644,0.324106
63.370914,12.169938,0.987025,4.220295,0.339561
63.416902,12.211019,1.007687,4.223357,0.354344
63.462889,12.251737,1.029053,4.225664,0.368437
63.508877,12.292067,1.051144,4.227701,0.381826
63.554864,12.331981,1.073975,4.228995,0.394483
63.600852,12.371453,1.097562,4.230222,0.406405
63.646840,12.410456,1.121917,4.230821,0.417574
63.692827,12.448962,1.147050,4.231419,0.427994
63.738815,12.486942,1.172971,4.231715,0.437662
63.784802,12.524367,1.199684,4.231987,0.446585
63.830790,12.561211,1.227195,4.232330,0.454772
63.876778,12.597443,1.255505,4.232695,0.462231
63.922765,12.633036,1.284615,4.233363,0.468974
63.968753,12.667962,1.314521,4.234246,0.475012
64.014740,12.702193,1.345220,4.235496,0.480359
64.060728,12.735704,1.376702,4.237272,0.485030
64.106716,12.768470,1.408959,4.239342,0.489037
64.152703,12.800469,1.441978,4.242338,0.492401
64.198691,12.831678,1.475743,4.245450,0.495132
64.244678,12.862079,1.510238,4.250096,0.497254
64.290666,12.891651,1.545446,4.254742,0.498777
64.336654,12.920379,1.581346,4.261150,0.499725
64.382641,12.948247,1.617917,4.267755,0.500107
64.428629,12.975239,1.655140,4.276030,0.499947
64.474616,13.001343,1.692990,4.284926,0.499255
64.520604,13.026547,1.731446,4.295290,0.498055
64.566592,13.050842,1.770483,4.306816,0.496365
64.612579,13.074217,1.810077,4.319428,0.494211
64.658567,13.096668,1.850202,4.333759,0.491628
64.704554,13.118187,1.890835,4.348728,0.488637
64.750542,13.138772,1.931949,4.366016,0.485289
64.796530,13.158420,1.973520,4.383437,0.481597
64.842517,13.177128,2.015521,4.403714,0.477611
64.888505,13.194897,2.057929,4.423992,0.473337
64.934492,13.211727,2.100718,4.446849,0.468808
64.980480,13.227619,2.143864,4.470078,0.464030
65.026468,13.242576,2.187343,4.495267,0.459025
65.072455,13.256600,2.231133,4.521284,0.453801
65.118443,13.269697,2.275208,4.548695,0.448377
65.164430,13.281872,2.319548,4.577334,0.442769
65.210418,13.293130,2.364129,4.606943,0.436991
65.256406,13.303481,2.408929,4.638270,0.431072
65.302393,13.312934,2.453928,4.670064,0.425018
65.348381,13.321497,2.499105,4.703845,0.418856
65.394368,13.329182,2.544440,4.737665,0.412588
65.440356,13.335999,2.589913,4.773453,0.406230
65.486344,13.341960,2.635506,4.809242,0.399781
65.532331,13.347078,2.681203,4.846452,0.393243
65.578319,13.351364,2.726984,4.883917,0.386613
65.624306,13.354832,2.772836,4.922355,0.379894
65.670294,13.357495,2.818741,4.961258,0.373082
65.716282,13.359368,2.864685,5.000723,0.366183
65.762269,13.360465,2.910655,5.040737,0.359203
65.808257,13.360800,2.956637,5.081028,0.352148
65.854244,13.360391,3.002618,5.121865,0.345032
65.900232,13.359250,3.048587,5.162762,0.337856
65.946220,13.357395,3.094533,5.203965,0.330636
65.992207,13.354839,3.140445,5.245168,0.323373
66.038195,13.351599,3.186315,5.286514,0.316081
66.084182,13.347690,3.232132,5.327861,0.308760
66.130170,13.343126,3.277889,5.369216,0.301428
66.176158,13.337925,3.323578,5.410574,0.294088
66.222145,13.332103,3.369193,5.451888,0.286753
66.268133,13.325675,3.414726,5.493179,0.279430
66.314120,13.318660,3.460172,5.534339,0.272123
66.360108,13.311075,3.505527,5.575359,0.264834
66.406096,13.302936,3.550786,5.616237,0.257559
66.452083,13.294262,3.595946,5.656797,0.250293
66.498071,13.285071,3.641003,5.697282,0.243032
66.544058,13.275379,3.685956,5.737298,0.235770
66.590046,13.265205,3.730802,5.777314,0.228505
66.636034,13.254565,3.775540,5.816702,0.221244
66.682021,13.243475,3.820168,5.856070,0.213986
66.728009,13.231952,3.864687,5.894817,0.206751
66.773996,13.220011,3.909096,5.933405,0.199547
66.819984,13.207667,3.953394,5.971425,0.192396
66.865972,13.194934,3.997583,6.009105,0.185315
66.911959,13.181828,4.041662,6.046346,0.178317
66.957947,13.168364,4.085633,6.083060,0.171421
67.003934,13.154554,4.129497,6.119467,0.164631
67.049922,13.140415,4.173256,6.155098,0.157957
67.095910,13.125961,4.216912,6.190597,0.151401
67.141897,13.111207,4.260468,6.225053,0.144961
67.187885,13.096168,4.303926,6.259509,0.138637
67.233872,13.080859,4.347290,6.292771,0.132425
67.279860,13.065293,4.390563,6.325960,0.126325
67.325848,13.049484,4.433747,6.358084,0.120337
67.371835,13.033447,4.476847,6.389892,0.114461
67.417823,13.017193,4.519866,6.420834,0.108703
67.463810,13.000734,4.562807,6.451200,0.103068
67.509798,12.984083,4.605674,6.480901,0.097563
67.555786,12.967249,4.648469,6.509719,0.092200
67.601773,12.950243,4.691197,6.538116,0.086986
67.647761,12.933076,4.733860,6.565300,0.081937
67.693748,12.915756,4.776461,6.592341,0.077057
67.739736,12.898295,4.819004,6.617874,0.072362
67.785724,12.880701,4.861493,6.643407,0.067854
67.831711,12.862983,4.903930,6.667230,0.063543
67.877699,12.845151,4.946320,6.690895,0.059431
67.923686,12.827213,4.988665,6.713119,0.055518
67.969674,12.809178,5.030968,6.734850,0.051807
68.015662,12.791052,5.073233,6.755455,0.048294
68.061649,12.772844,5.115462,6.775225,0.044979
68.107637,12.754560,5.157659,6.794167,0.041859
68.153624,12.736207,5.199825,6.811880,0.038936
68.199612,12.717789,5.241964,6.829096,0.036210
68.245600,12.699313,5.284077,6.844663,0.033689
68.291587,12.680784,5.326166,6.860098,0.031374
68.337575,12.662206,5.368234,6.873493,0.029278
68.383562,12.643584,5.410283,6.886888,0.027404
68.429550,12.624922,5.452313,6.898284,0.025762
68.475538,12.606223,5.494328,6.909433,0.024356
68.521525,12.587489,5.536327,6.918980,0.023188
68.567513,12.568724,5.578312,6.927901,0.022261
68.613501,12.549930,5.620283,6.935573,0.021573
68.659488,12.531107,5.662242,6.942216,0.021124
68.705476,12.512256,5.704189,6.948012,0.020912
68.751463,12.493379,5.746124,6.952409,0.020934
68.797451,12.474475,5.788046,6.956339,0.021189
68.843439,12.455544,5.829956,6.958469,0.021672
68.889426,12.436585,5.871854,6.960520,0.022382
68.935414,12.417597,5.913738,6.960425,0.023316
68.981401,12.398577,5.955608,6.960329,0.024472
69.027389,12.379524,5.997463,6.958305,0.025849
69.073377,12.360434,6.039302,6.955979,0.027444
69.119364,12.341304,6.081121,6.952134,0.029259
69.165352,12.322130,6.122921,6.947619,0.031292
69.211339,12.302908,6.164699,6.941969,0.033544
69.257327,12.283632,6.206452,6.935284,0.036017
69.303315,12.264298,6.248177,6.927850,0.038711
69.349302,12.244899,6.289873,6.919036,0.041626
69.395290,12.225431,6.331537,6.909839,0.044763
69.441277,12.205886,6.373164,6.898906,0.048118
69.487265,12.186259,6.414753,6.887954,0.051690
69.533253,12.166543,6.456300,6.874986,0.055469
69.579240,12.146732,6.497801,6.862018,0.059450
69.625228,12.126817,6.539253,6.847463,0.063620
69.671215,12.106793,6.580652,6.832602,0.067972
69.717203,12.086651,6.621994,6.816459,0.072494
69.763191,12.066383,6.663274,6.799676,0.077175
69.809178,12.045979,6.704487,6.781968,0.082010
69.855166,12.025432,6.745629,6.763322,0.086986
69.901153,12.004731,6.786693,6.744089,0.092100
69.947141,11.983866,6.827675,6.723641,0.097344
69.993129,11.962827,6.868567,6.702915,0.102714
70.039116,11.941603,6.909364,6.680672,0.108204
70.085104,11.920183,6.950058,6.658430,0.113811
70.131091,11.898555,6.990642,6.634386,0.119527
70.177079,11.876710,7.031109,6.610312,0.125349
70.223067,11.854635,7.071451,6.584878,0.131265
70.269054,11.832319,7.111660,6.559130,0.137267
70.315042,11.809752,7.151729,6.532345,0.143344
70.361029,11.786923,7.191650,6.504981,0.149476
70.407017,11.763821,7.231412,6.476898,0.155657
70.453005,11.740436,7.271009,6.448006,0.161861
70.498992,11.716757,7.310430,6.418694,0.168081
70.544980,11.692773,7.349667,6.388402,0.174293
70.590967,11.668476,7.388710,6.357948,0.180491
70.636955,11.643854,7.427550,6.326401,0.186656
70.682943,11.618898,7.466175,6.294853,0.192783
70.728930,11.593599,7.504577,6.262284,0.198861
70.774918,11.567948,7.542744,6.229669,0.204884
70.820905,11.541936,7.580665,6.196341,0.210847
70.866893,11.515554,7.618330,6.162820,0.216742
70.912881,11.488793,7.655727,6.128878,0.222568
70.958868,11.461647,7.692845,6.094673,0.228316
71.004856,11.434107,7.729672,6.060272,0.233985
71.050843,11.406167,7.766196,6.025625,0.239562
71.096831,11.377822,7.802406,5.990928,0.245048
71.142819,11.349064,7.838289,5.956097,0.250429
71.188806,11.319889,7.873834,5.921279,0.255703
71.234794,11.290292,7.909028,5.886570,0.260858
71.280781,11.260269,7.943859,5.851860,0.265891
71.326769,11.229817,7.978316,5.817553,0.270794
71.372757,11.198933,8.012385,5.783276,0.275561
71.418744,11.167613,8.046055,5.749586,0.280190
71.464732,11.135857,8.079312,5.716080,0.284675
71.510719,11.103662,8.112145,5.683229,0.289016
71.556707,11.071027,8.144541,5.650832,0.293208
71.602695,11.037952,8.176488,5.619034,0.297251
71.648682,11.004438,8.207972,5.588068,0.301142
71.694670,10.970484,8.238982,5.557548,0.304880
71.740657,10.936092,8.269506,5.528379,0.308459
71.786645,10.901265,8.299532,5.499371,0.311879
71.832633,10.866004,8.329047,5.472268,0.315133
71.878620,10.830312,8.358039,5.445165,0.318220
71.924608,10.794194,8.386499,5.420177,0.321136
71.970595,10.757654,8.414414,5.395407,0.323880
72.016583,10.720696,8.441773,5.372595,0.326450
72.062571,10.683325,8.468566,5.350488,0.328841
72.108558,10.645548,8.494782,5.330034,0.331056
72.154546,10.607369,8.520411,5.310858,0.333091
72.200533,10.568797,8.545442,5.292936,0.334947
72.246521,10.529837,8.569867,5.276948,0.336627
72.292509,10.490498,8.593676,5.261721,0.338132
72.338496,10.450788,8.616859,5.249151,0.339447
72.384484,10.410715,8.639410,5.236767,0.340565
72.430471,10.370288,8.661320,5.227779,0.341395
72.476459,10.329516,8.682583,5.218791,0.341876
72.522447,10.288410,8.703190,5.213112,0.341879
72.568434,10.246979,8.723137,5.207882,0.341239
72.614422,10.205234,8.742418,5.205421,0.339891
72.660409,10.163186,8.761027,5.204093,0.337682
72.706397,10.120844,8.778959,5.204906,0.334667
72.752385,10.078220,8.796211,5.207553,0.331110
72.798372,10.035326,8.812779,5.211670,0.327015
72.844360,9.992173,8.828659,5.218316,0.322181
72.890347,9.948772,8.843848,5.225747,0.316646
72.936335,9.905134,8.858344,5.236382,0.312479
72.982323,9.861272,8.872147,5.247118,0.310557
73.028310,9.817198,8.885257,5.261680,0.308970
73.074298,9.772925,8.897682,5.276243,0.306210
73.120285,9.728470,8.909433,5.294041,0.303157
73.166273,9.683846,8.920532,5.312388,0.301162
73.212261,9.639072,8.931006,5.333161,0.299995
73.258248,9.594163,8.940891,5.355055,0.298964
73.304236,9.549136,8.950225,5.378659,0.297979
73.350223,9.504004,8.959040,5.403886,0.296781
73.396211,9.458777,8.967358,5.430161,0.295315
73.442199,9.413467,8.975207,5.458454,0.293419
73.488186,9.368082,8.982625,5.481911,0.291047
73.534174,9.322626,8.989607,5.481911,0.288295
