arm,kind,n_ep,laps,passes,clean_frac,offtrack_frac,contact_frac
const,static,6,5.099,5.500,0.833,0.167,0.000
const,slower,6,4.603,1.333,0.667,0.333,0.000
const,equal,6,4.319,0.000,0.500,0.500,0.000
const,faster,6,3.062,0.167,0.167,0.833,0.000
const,ALL,24,4.271,1.750,0.542,0.458,0.000
fixed,static,6,6.636,6.833,0.833,0.167,0.000
fixed,slower,6,5.663,2.000,0.667,0.333,0.000
fixed,equal,6,5.668,0.333,0.833,0.167,0.000
fixed,faster,6,5.835,0.167,0.833,0.167,0.000
fixed,ALL,24,5.951,2.333,0.792,0.208,0.000
ltc,static,6,5.557,5.833,1.000,0.000,0.000
ltc,slower,6,5.011,1.667,0.667,0.333,0.000
ltc,equal,6,5.637,0.000,1.000,0.000,0.000
ltc,faster,6,5.538,0.500,0.833,0.000,0.167
ltc,ALL,24,5.436,2.000,0.875,0.083,0.042
mlp,static,6,5.151,5.500,0.833,0.167,0.000
mlp,slower,6,5.593,1.667,1.000,0.000,0.000
mlp,equal,6,5.649,0.167,1.000,0.000,0.000
mlp,faster,6,5.860,0.667,1.000,0.000,0.000
mlp,ALL,24,5.563,2.000,0.958,0.042,0.000
