seed,episode,laps,banked_best,q_c,q_l,q_v,r_d,r_a,r_dv,d_obs,k_v
0,0,1.8155,2.1724,1.92431,40.79469,0.10385,1.98284,8.65261,0.15371,0.21582,0.32101
0,1,2.0305,2.1724,1.99574,65.45639,0.10016,1.99884,8.28903,0.189,0.15574,0.39142
0,2,1.8866,2.1724,1.99773,57.97698,0.10004,1.9998,8.68679,0.19222,0.12,0.45309
0,3,2.048,2.1724,1.99355,61.66715,0.10021,1.9977,8.75213,0.19076,0.15977,0.37548
0,4,1.9857,2.1724,1.99919,55.85161,0.10003,1.99969,9.5925,0.19797,0.11643,0.45244
0,5,1.8665,2.1724,1.99535,44.98447,0.10033,1.99736,9.45289,0.1875,0.11191,0.37806
0,6,2.186,2.1724,1.98298,56.12529,0.10027,1.99789,8.88966,0.19049,0.13411,0.39751
0,7,1.8314,2.1724,1.99704,46.24389,0.10005,1.9997,9.21225,0.18799,0.17637,0.33492
0,8,1.9023,2.1724,1.99727,76.75832,0.10025,1.9985,9.27841,0.1973,0.13467,0.39923
0,9,1.7717,2.1724,1.99456,59.70838,0.10053,1.99905,8.63712,0.19499,0.16594,0.37822
0,10,1.7936,2.1724,1.99029,53.28225,0.10044,1.9991,8.55914,0.19258,0.19732,0.34432
0,11,2.031,2.1724,1.99639,64.31159,0.10023,1.99906,8.76478,0.192,0.15614,0.36299
1,0,2.2747,2.4934,1.76075,50.8472,0.1049,1.75826,6.76403,0.06886,0.15627,0.48714
1,1,2.075,2.4934,1.92261,58.66618,0.10229,1.96395,6.32208,0.07991,0.15338,0.35904
1,2,2.0158,2.4934,1.95595,49.66795,0.1045,1.94892,5.61704,0.08528,0.14461,0.37286
1,3,2.3505,2.4934,1.9456,56.25667,0.10088,1.98402,6.50685,0.10779,0.16453,0.4594
1,4,2.105,2.4934,1.98103,60.37888,0.10019,1.99885,6.90936,0.15466,0.18761,0.3987
1,5,2.422,2.4934,1.94488,49.39092,0.1011,1.96999,6.32726,0.08843,0.14338,0.41696
1,6,1.9821,2.4934,1.96637,43.04786,0.10022,1.99883,6.38441,0.14876,0.17812,0.38328
1,7,2.4194,2.4934,1.87284,48.21804,0.10062,1.98014,5.96491,0.07899,0.14545,0.44892
1,8,2.2671,2.4934,1.95013,44.14798,0.10014,1.99825,5.957,0.12246,0.16949,0.41988
1,9,1.8853,2.4934,1.92362,51.46762,0.10429,1.96482,5.0084,0.07623,0.15733,0.43291
1,10,2.3556,2.4934,1.92047,54.4453,0.10084,1.98636,6.0638,0.10392,0.16837,0.43939
1,11,1.944,2.4934,1.9614,47.02102,0.10024,1.99904,6.05599,0.14815,0.18524,0.39377
2,0,2.2657,2.185,1.28376,82.05161,0.12755,1.85038,6.16305,0.13003,0.09082,0.41102
2,1,0.8319,2.185,1.64719,83.16004,0.10382,1.9686,8.92984,0.18907,0.11536,0.34914
2,2,0.8301,2.185,1.57999,83.00142,0.10449,1.97248,8.67284,0.18567,0.12025,0.34527
2,3,2.4428,2.3428,1.81373,78.14422,0.10598,1.98231,5.48229,0.18535,0.15865,0.4705
2,4,2.3072,2.3428,1.92923,72.11394,0.1014,1.99927,6.53801,0.18358,0.12039,0.44552
2,5,2.3842,2.3428,1.97651,77.85607,0.10004,1.99998,6.09037,0.19757,0.11879,0.48129
2,6,2.5097,2.4574,1.98528,76.5873,0.10002,2.0,5.89039,0.19835,0.10474,0.47953
2,7,2.4592,2.4574,1.99692,72.95919,0.10001,2.0,6.4823,0.19979,0.15458,0.47512
2,8,2.1234,2.4574,1.9989,75.02965,0.10001,2.0,5.31336,0.19986,0.10558,0.4344
2,9,2.5158,2.4574,1.99721,74.42506,0.10001,2.0,5.10287,0.19898,0.10229,0.4802
2,10,2.0697,2.4574,1.99974,70.19007,0.1,2.0,5.9685,0.19983,0.14612,0.45497
2,11,2.3793,2.4574,1.99706,73.97102,0.1,2.0,6.80661,0.19963,0.12538,0.50351
3,0,2.2185,2.2119,1.47157,77.81397,0.17917,1.6383,7.49405,0.13731,0.25663,0.4161
3,1,2.1328,2.2119,1.76931,71.87416,0.11908,1.96866,7.52257,0.16697,0.24613,0.42281
3,2,2.114,2.2119,1.92226,72.97146,0.10642,1.99772,6.51032,0.18119,0.25571,0.42438
3,3,2.032,2.2119,1.95898,42.59855,0.10213,1.99995,7.5783,0.18248,0.22578,0.42059
3,4,2.0623,2.2119,1.68286,49.8221,0.16657,1.98459,7.21007,0.13733,0.26044,0.42987
3,5,2.0662,2.2119,1.9037,49.11986,0.1224,1.99938,6.44427,0.17277,0.26684,0.41874
3,6,2.2164,2.2432,1.9924,75.33873,0.1017,1.99994,6.16675,0.19126,0.25702,0.46044
3,7,2.2319,2.2432,1.99521,68.97735,0.10028,2.0,5.53049,0.19591,0.25156,0.46316
3,8,2.1518,2.2432,1.9993,58.88599,0.1001,2.0,5.06276,0.19798,0.25017,0.45173
3,9,2.5909,2.8401,1.99978,58.82702,0.10001,2.0,6.33096,0.19956,0.22884,0.50258
3,10,2.6854,2.8401,1.99992,44.88918,0.1,2.0,6.61152,0.19985,0.22599,0.50097
3,11,2.9312,2.9641,1.99998,79.74214,0.1,2.0,6.52736,0.19996,0.24493,0.53775
4,0,2.4969,2.2684,1.23709,52.34496,0.10385,1.72034,4.65813,0.17469,0.11728,0.37198
4,1,2.3435,2.3238,1.50164,57.83687,0.1001,1.98888,4.87796,0.18398,0.14539,0.41578
4,2,2.3218,2.3238,1.97954,61.40884,0.1,1.99965,5.78543,0.19753,0.15063,0.44922
4,3,2.3277,2.3238,1.9991,68.95519,0.1,1.99997,6.62047,0.1994,0.15357,0.44849
4,4,2.2202,2.3238,1.99971,55.47503,0.1,2.0,5.32201,0.19976,0.11217,0.35949
4,5,2.2462,2.3238,1.99989,58.08523,0.1,2.0,5.19089,0.19992,0.11643,0.36644
4,6,2.4315,2.3238,1.99999,75.90004,0.1,2.0,6.0752,0.19996,0.14046,0.34207
4,7,2.353,2.5505,2.0,60.31466,0.1,2.0,4.83597,0.19997,0.12855,0.44501
4,8,2.3359,2.5505,2.0,61.8041,0.1,2.0,5.94313,0.19999,0.14909,0.49578
4,9,2.1723,2.5505,2.0,60.59455,0.1,2.0,5.69335,0.2,0.13834,0.45546
4,10,2.2577,2.5505,2.0,72.09349,0.1,2.0,5.785,0.2,0.12716,0.46676
4,11,2.4831,2.5505,2.0,58.83389,0.1,2.0,5.28893,0.19999,0.12135,0.37006
5,0,2.4461,-1.0,1.23895,47.75776,0.10709,1.72667,8.16648,0.12101,0.16179,0.37789
5,1,0.0008,-1.0,0.95336,47.49262,0.11293,1.72533,8.45213,0.14004,0.15325,0.43989
5,2,2.095,-1.0,1.40327,44.17376,0.10086,1.96294,7.75635,0.17317,0.16171,0.40311
5,3,0.0008,-1.0,1.14956,45.56246,0.10248,1.96346,8.29952,0.16663,0.15377,0.44432
5,4,0.0008,-1.0,0.95276,47.47612,0.11291,1.72537,8.45067,0.13993,0.15328,0.44003
5,5,2.1192,-1.0,1.54521,43.22142,0.10057,1.97722,7.88763,0.1832,0.15163,0.41557
5,6,2.2796,2.2489,1.65249,40.47782,0.10024,1.99846,7.04883,0.1824,0.16701,0.4325
5,7,2.1705,2.2489,1.89235,44.5485,0.10004,1.99982,8.62792,0.19726,0.14769,0.37569
5,8,2.2471,2.2489,1.92608,41.43077,0.10001,1.99999,8.51532,0.19811,0.13025,0.37194
5,9,2.2027,2.2489,1.98725,48.63081,0.1,2.0,9.26279,0.19964,0.14211,0.35765
5,10,2.094,2.2489,1.99235,43.3536,0.1,2.0,9.06267,0.19971,0.1622,0.37994
5,11,2.2088,2.2489,1.84234,45.81012,0.10002,1.99985,8.6308,0.19733,0.14244,0.3645
