sample,x_m,y_m,v_mps,sector,q_c,q_l,q_v,r_d,r_a,r_dv,d_obs,k_v
0,14.2945,-0.0342,0.9978,3.0,1.9965,50.8091,0.1001,2.0,5.6877,0.1968,0.1884,0.4811
1,14.0852,-0.1288,0.9287,0.0,1.9997,49.1599,0.1,2.0,5.8852,0.1992,0.22,0.4629
2,13.8768,-0.2346,0.9394,0.0,1.9997,48.7588,0.1,2.0,6.3526,0.1993,0.2193,0.4741
3,13.6712,-0.3463,0.9457,0.0,1.9997,48.2723,0.1,2.0,6.3764,0.1993,0.2197,0.4746
4,13.4641,-0.463,0.9688,0.0,1.9997,47.8764,0.1,2.0,6.7667,0.1993,0.2192,0.4842
5,13.2541,-0.5838,0.9802,0.0,1.9996,47.1267,0.1,2.0,6.7469,0.1993,0.2214,0.4801
6,13.0403,-0.7085,1.0021,0.0,1.9996,46.4198,0.1,2.0,7.1129,0.1993,0.2222,0.4887
7,12.8225,-0.8356,1.0173,0.0,1.9996,45.6478,0.1,2.0,7.0603,0.1993,0.2247,0.4851
8,12.6029,-0.9578,0.9968,0.0,1.9995,45.0451,0.1,2.0,7.3645,0.1994,0.2248,0.4921
9,12.381,-1.0695,0.9837,0.0,1.9995,44.6266,0.1,2.0,7.2544,0.1993,0.2261,0.4899
10,12.1569,-1.1787,1.0018,3.0,1.9995,44.1452,0.1,2.0,7.1066,0.1993,0.2267,0.4857
11,11.9313,-1.2746,0.9769,3.0,1.9995,43.843,0.1,2.0,6.9797,0.1993,0.2273,0.4827
12,11.7016,-1.3573,0.9846,3.0,1.9995,43.6548,0.1,2.0,6.8759,0.1993,0.2278,0.4792
13,11.4681,-1.4267,0.9683,3.0,1.9995,43.6353,0.1,2.0,6.8123,0.1993,0.2286,0.4792
14,11.2307,-1.4759,0.9849,3.0,1.9995,43.7064,0.1,2.0,6.7412,0.1993,0.2299,0.4769
15,10.9827,-1.4955,1.0026,3.0,1.9995,44.0174,0.1,2.0,6.641,0.1993,0.2327,0.4772
16,10.7303,-1.4813,1.0195,3.0,1.9995,44.5803,0.1,2.0,6.4541,0.1994,0.238,0.4771
17,10.4844,-1.4173,1.0209,3.0,1.9996,45.6924,0.1,2.0,6.1454,0.1995,0.2468,0.4766
18,10.2572,-1.2966,1.0412,3.0,1.9996,47.1095,0.1,2.0,5.6672,0.1996,0.2564,0.4747
19,10.068,-1.1195,1.0309,3.0,1.9997,48.5222,0.1,2.0,5.2274,0.1996,0.2637,0.4722
20,9.935,-0.8997,1.0373,3.0,1.9997,51.134,0.1001,2.0,4.6313,0.1997,0.2699,0.4642
21,9.867,-0.6497,1.0432,3.0,1.9997,51.9384,0.1001,2.0,4.4681,0.1997,0.2709,0.4639
22,9.8718,-0.3872,1.057,3.0,1.9997,54.5702,0.1001,2.0,4.136,0.1997,0.2725,0.4593
23,9.9452,-0.1359,1.0486,3.0,1.9998,55.9628,0.1001,2.0,4.0672,0.1997,0.27,0.4635
24,10.0773,0.0894,1.0353,3.0,1.9998,57.8093,0.1001,2.0,4.0329,0.1997,0.2662,0.47
25,10.2544,0.2792,1.0497,3.0,1.9998,61.3665,0.1,2.0,3.8278,0.1996,0.2644,0.4694
26,10.4656,0.4366,1.059,3.0,1.9998,63.1634,0.1,2.0,3.8705,0.1997,0.2606,0.4772
27,10.6993,0.5583,1.0573,3.0,1.9998,66.6482,0.1,2.0,3.8053,0.1996,0.2605,0.4788
28,10.948,0.6554,1.0712,3.0,1.9998,68.4437,0.1,2.0,3.9866,0.1997,0.2584,0.4871
29,11.2048,0.7351,1.0735,3.0,1.9998,71.6315,0.1,2.0,3.9907,0.1997,0.2595,0.4893
30,11.4634,0.8064,1.0662,2.0,1.9998,72.5989,0.1,2.0,4.1649,0.1997,0.2582,0.4952
31,11.7224,0.8769,1.0798,2.0,1.9998,73.0613,0.1,2.0,4.2966,0.1997,0.2571,0.4979
32,11.9768,0.9594,1.0802,2.0,1.9998,73.182,0.1,2.0,4.4,0.1997,0.2561,0.4986
33,12.2301,1.0632,1.1166,2.0,1.9998,73.1411,0.1,2.0,4.4973,0.1997,0.2548,0.5009
34,12.4743,1.1916,1.097,2.0,1.9998,72.8713,0.1,2.0,4.5844,0.1996,0.2534,0.5004
35,12.7002,1.3503,1.1116,2.0,1.9998,72.4876,0.1,2.0,4.6829,0.1996,0.2519,0.5007
36,12.9009,1.5393,1.1148,2.0,1.9998,72.1048,0.1,2.0,4.799,0.1996,0.2505,0.5026
37,13.0738,1.7585,1.1196,2.0,1.9998,71.5749,0.1,2.0,4.8963,0.1996,0.2493,0.5027
38,13.2132,2.0042,1.1393,2.0,1.9998,70.9254,0.1,2.0,4.9805,0.1996,0.2484,0.5025
39,13.3141,2.272,1.1472,2.0,1.9998,68.3185,0.1,2.0,5.0134,0.1996,0.2463,0.4966
40,13.375,2.5523,1.1494,2.0,1.9998,67.5822,0.1,2.0,5.0732,0.1996,0.2468,0.4971
41,13.4023,2.8384,1.1592,2.0,1.9998,64.8315,0.1,2.0,5.0486,0.1996,0.2461,0.4904
42,13.398,3.1296,1.167,2.0,1.9998,62.3728,0.1,2.0,4.97,0.1996,0.2456,0.4843
43,13.3657,3.4178,1.16,2.0,1.9998,61.5271,0.1,2.0,4.8995,0.1996,0.2483,0.4812
44,13.3082,3.7024,1.1612,2.0,1.9999,59.1462,0.1,2.0,4.755,0.1996,0.249,0.4744
45,13.2315,3.9821,1.162,2.0,1.9999,59.0166,0.1,2.0,4.629,0.1996,0.2519,0.4736
46,13.1392,4.2593,1.1541,2.0,1.9999,57.0717,0.1,2.0,4.4566,0.1996,0.2527,0.4657
47,13.0367,4.53,1.1638,0.0,1.9999,57.4122,0.1,2.0,4.3382,0.1996,0.255,0.466
48,12.9277,4.7999,1.1581,0.0,1.9999,59.7174,0.1,2.0,4.2635,0.1997,0.2588,0.4725
49,12.81,5.0661,1.1827,0.0,1.9999,60.5435,0.1,2.0,4.1645,0.1996,0.2595,0.4725
50,12.6885,5.3352,1.1909,0.0,1.9999,63.198,0.1,2.0,4.1261,0.1997,0.2615,0.4797
51,12.5611,5.6066,1.2021,0.0,1.9999,64.0241,0.1,2.0,4.0708,0.1997,0.261,0.4797
52,12.4337,5.882,1.22,0.0,1.9999,66.7946,0.1,2.0,4.0685,0.1997,0.2618,0.4869
53,12.301,6.1614,1.2525,0.0,1.9998,69.1831,0.1,2.0,4.0835,0.1997,0.2625,0.4922
54,12.1664,6.4449,1.257,0.0,1.9998,70.0398,0.1,2.0,4.0901,0.1997,0.2611,0.4936
55,12.0289,6.7252,1.2612,0.0,1.9998,72.1746,0.1,2.0,4.1498,0.1997,0.2613,0.4987
56,11.8844,7.0073,1.2717,2.0,1.9998,72.4799,0.1,2.0,4.1987,0.1997,0.2595,0.4995
57,11.7223,7.2836,1.292,2.0,1.9998,72.6849,0.1,2.0,4.2458,0.1997,0.2585,0.5005
58,11.5491,7.5551,1.2719,2.0,1.9998,72.7038,0.1,2.0,4.297,0.1997,0.2574,0.5004
59,11.358,7.8135,1.2933,2.0,1.9998,72.681,0.1,2.0,4.3236,0.1997,0.2568,0.4992
60,11.1445,8.0581,1.3026,2.0,1.9998,72.301,0.1,2.0,4.3662,0.1997,0.256,0.4974
61,10.9108,8.286,1.3054,2.0,1.9998,71.766,0.1,2.0,4.4639,0.1996,0.2541,0.4981
62,10.6532,8.4903,1.325,2.0,1.9998,71.1264,0.1,2.0,4.5443,0.1996,0.252,0.4973
63,10.3765,8.6646,1.3066,2.0,1.9998,70.3748,0.1,2.0,4.6354,0.1996,0.2501,0.4978
64,10.0834,8.8064,1.2929,2.0,1.9998,69.7966,0.1,2.0,4.7457,0.1996,0.248,0.4999
65,9.7801,8.9125,1.2826,2.0,1.9998,67.1595,0.1,2.0,4.8354,0.1996,0.2451,0.4953
66,9.4682,8.987,1.2833,2.0,1.9998,64.5481,0.1,2.0,4.9124,0.1996,0.2426,0.4914
67,9.15,9.0339,1.2763,2.0,1.9998,63.4642,0.1,2.0,5.0274,0.1996,0.2431,0.4906
68,8.8322,9.0502,1.272,2.0,1.9998,60.5058,0.1,2.0,5.0351,0.1996,0.2417,0.4843
69,8.5158,9.0379,1.2647,2.0,1.9999,59.5341,0.1,2.0,5.0139,0.1996,0.2429,0.4818
70,8.2012,9.0019,1.2678,2.0,1.9999,56.7156,0.1,2.0,4.9465,0.1996,0.2422,0.4748
71,7.8877,8.9474,1.2806,2.0,1.9999,54.2528,0.1,2.0,4.8499,0.1996,0.2416,0.4682
72,7.5749,8.8772,1.2811,2.0,1.9999,53.6591,0.1,2.0,4.7459,0.1996,0.2435,0.4642
73,7.2668,8.7928,1.2758,0.0,1.9999,53.4743,0.1,2.0,4.6686,0.1996,0.2453,0.4644
74,6.9599,8.6986,1.2968,0.0,1.9999,53.438,0.1,2.0,4.584,0.1996,0.2471,0.4645
75,6.6539,8.5994,1.2793,0.0,1.9999,53.5634,0.1,2.0,4.5049,0.1996,0.2489,0.4646
76,6.3523,8.5021,1.265,0.0,1.9999,53.8523,0.1,2.0,4.4241,0.1996,0.2505,0.4643
77,6.0483,8.401,1.3005,0.0,1.9999,54.2983,0.1,2.0,4.364,0.1996,0.2519,0.466
78,5.7364,8.3076,1.2975,0.0,1.9999,54.904,0.1,2.0,4.302,0.1996,0.2531,0.4667
79,5.426,8.2169,1.2916,0.0,1.9999,55.5024,0.1,2.0,4.2241,0.1996,0.2539,0.465
80,5.1195,8.1282,1.2647,0.0,1.9999,56.2408,0.1,2.0,4.1969,0.1996,0.2544,0.4664
81,4.8175,8.0454,1.252,0.0,1.9999,58.7892,0.1,2.0,4.1713,0.1996,0.2565,0.4713
82,4.5153,7.9695,1.2531,0.0,1.9999,59.6318,0.1,2.0,4.1483,0.1996,0.2561,0.4728
83,4.2093,7.902,1.2652,0.0,1.9999,62.3398,0.1,2.0,4.1473,0.1996,0.2574,0.4788
84,3.8976,7.8319,1.2778,0.0,1.9999,64.6778,0.1,2.0,4.15,0.1997,0.2585,0.4834
85,3.5834,7.7611,1.3027,0.0,1.9999,65.4093,0.1,2.0,4.1441,0.1996,0.2572,0.4846
86,3.2683,7.6911,1.2959,0.0,1.9998,67.7399,0.1,2.0,4.1725,0.1996,0.2581,0.4901
87,2.9536,7.6117,1.2942,0.0,1.9998,68.1308,0.1,2.0,4.1701,0.1996,0.2574,0.4902
88,2.6369,7.5194,1.343,0.0,1.9998,70.2171,0.1,2.0,4.1803,0.1996,0.2587,0.4954
89,2.3154,7.4153,1.3655,2.0,1.9998,70.3886,0.1,2.0,4.1548,0.1996,0.2589,0.4945
90,1.9941,7.295,1.3815,2.0,1.9998,70.5936,0.1,2.0,4.1641,0.1997,0.2591,0.4956
91,1.6749,7.1543,1.418,2.0,1.9998,70.5618,0.1,2.0,4.1263,0.1997,0.2592,0.4934
92,1.3571,6.997,1.4273,2.0,1.9998,70.6179,0.1,2.0,4.1204,0.1997,0.2588,0.4931
93,1.0514,6.8128,1.4294,2.0,1.9998,70.5208,0.1,2.0,4.095,0.1997,0.2579,0.4909
94,0.758,6.6056,1.4425,2.0,1.9998,70.3611,0.1,2.0,4.0777,0.1996,0.2569,0.4889
95,0.4796,6.3767,1.4379,2.0,1.9998,70.3128,0.1,2.0,4.09,0.1996,0.2561,0.4888
96,0.2162,6.1336,1.432,2.0,1.9998,70.3254,0.1,2.0,4.1009,0.1996,0.2559,0.488
97,-0.0233,5.8665,1.4342,2.0,1.9998,70.1504,0.1,2.0,4.103,0.1996,0.2559,0.4862
98,-0.2403,5.5797,1.4429,2.0,1.9998,69.8221,0.1,2.0,4.1086,0.1996,0.2557,0.4849
99,-0.4371,5.2758,1.4571,2.0,1.9998,69.4819,0.1,2.0,4.1227,0.1996,0.2554,0.4845
100,-0.6082,4.9541,1.4608,2.0,1.9998,69.1583,0.1,2.0,4.1446,0.1996,0.2546,0.4851
101,-0.7565,4.6163,1.489,2.0,1.9998,68.7783,0.1,2.0,4.1681,0.1996,0.2536,0.4854
102,-0.876,4.2626,1.4916,2.0,1.9998,68.3622,0.1,2.0,4.2074,0.1996,0.2524,0.4857
103,-0.9686,3.9026,1.4908,2.0,1.9998,67.8955,0.1,2.0,4.2497,0.1996,0.2513,0.4854
104,-1.0335,3.5346,1.4976,2.0,1.9998,65.5334,0.1,2.0,4.3082,0.1996,0.2485,0.4805
105,-1.0667,3.1572,1.5179,2.0,1.9998,62.919,0.1,2.0,4.3305,0.1996,0.2458,0.473
106,-1.0665,2.7768,1.527,2.0,1.9999,60.4547,0.1,2.0,4.3854,0.1996,0.2432,0.4691
107,-1.0414,2.3968,1.5075,2.0,1.9999,59.4579,0.1,2.0,4.4101,0.1996,0.2438,0.4657
108,-0.9908,2.022,1.5166,2.0,1.9999,56.764,0.1,2.0,4.3792,0.1996,0.2423,0.4566
109,-0.9171,1.6481,1.5357,2.0,1.9999,54.3908,0.1,2.0,4.3469,0.1996,0.2411,0.4501
110,-0.8246,1.2704,1.568,0.0,1.9999,53.9603,0.1,2.0,4.2931,0.1996,0.2428,0.4458
111,-0.7184,0.8876,1.6085,0.0,1.9999,53.7579,0.1,2.0,4.1922,0.1996,0.245,0.4387
112,-0.5953,0.5052,1.6173,0.0,1.9999,53.7691,0.1,2.0,4.0706,0.1996,0.2475,0.4306
113,-0.4619,0.1228,1.6265,0.0,1.9999,53.9758,0.1,2.0,3.9369,0.1996,0.2503,0.4217
114,-0.3203,-0.2638,1.6574,0.0,1.9999,54.4668,0.1,2.0,3.8089,0.1996,0.2528,0.4136
115,-0.173,-0.652,1.6742,0.0,1.9999,55.1323,0.1,2.0,3.8855,0.1997,0.2535,0.4285
116,-0.0246,-1.0448,1.6704,0.0,1.9999,56.6758,0.1,2.0,3.8363,0.1997,0.2548,0.434
117,0.117,-1.4376,1.6726,0.0,1.9999,58.2989,0.1,2.0,3.9928,0.1997,0.2543,0.4554
118,0.2515,-1.8326,1.6721,0.0,1.9999,60.1655,0.1,2.0,4.2157,0.1997,0.2531,0.4707
119,0.3893,-2.2285,1.6783,0.0,1.9999,61.9625,0.1,2.0,4.5058,0.1998,0.2515,0.4852
120,0.5421,-2.6223,1.6991,0.0,1.9999,63.4313,0.1,2.0,4.9045,0.1998,0.2494,0.4991
121,0.7092,-3.0126,1.6919,3.0,1.9999,64.7064,0.1,2.0,4.9891,0.1998,0.2484,0.5021
122,0.8964,-3.3923,1.6853,3.0,1.9999,65.5322,0.1,2.0,5.0633,0.1998,0.2473,0.504
123,1.1032,-3.7584,1.6756,3.0,1.9999,66.2542,0.1,2.0,5.1547,0.1998,0.2464,0.5059
124,1.354,-4.0968,1.6949,3.0,1.9999,66.7273,0.1,2.0,5.2538,0.1998,0.2456,0.5077
125,1.6473,-4.4012,1.6838,3.0,1.9999,67.2105,0.1,2.0,5.4361,0.1998,0.2448,0.5095
126,1.9825,-4.6516,1.6823,3.0,1.9999,67.2928,0.1,2.0,5.5201,0.1998,0.2439,0.5102
127,2.3586,-4.8316,1.6621,3.0,1.9999,67.2497,0.1,2.0,5.6473,0.1998,0.2426,0.5109
128,2.7621,-4.918,1.6374,3.0,1.9999,66.9843,0.1,2.0,5.7557,0.1998,0.2411,0.5114
129,3.1683,-4.8984,1.5875,3.0,1.9999,66.591,0.1,2.0,5.9434,0.1998,0.2391,0.5118
130,3.5241,-4.7569,1.5302,3.0,1.9999,65.3401,0.1,2.0,6.0056,0.1998,0.2368,0.5116
131,3.8507,-4.5542,1.5233,3.0,1.9999,64.5813,0.1,2.0,6.1919,0.1998,0.2344,0.5121
132,4.1226,-4.2883,1.5183,3.0,1.9999,63.6986,0.1,2.0,6.3253,0.1998,0.2322,0.5123
133,4.3238,-3.9649,1.5353,3.0,1.9999,62.5903,0.1,2.0,6.4631,0.1998,0.2301,0.5121
134,4.4576,-3.6082,1.5251,3.0,1.9999,61.0705,0.1,2.0,6.1976,0.1998,0.2298,0.5025
135,4.5174,-3.2315,1.5287,3.0,1.9999,59.1747,0.1,2.0,5.8817,0.1997,0.2295,0.4911
136,4.5141,-2.8523,1.5019,3.0,1.9999,57.2912,0.1,2.0,5.9951,0.1997,0.2279,0.4915
137,4.4627,-2.483,1.4901,3.0,1.9999,55.0932,0.1,2.0,5.5268,0.1997,0.2284,0.476
138,4.3724,-2.1195,1.5169,3.0,1.9999,53.0779,0.1,2.0,5.0988,0.1997,0.2294,0.4619
139,4.2567,-1.7583,1.5165,3.0,1.9999,51.1565,0.1,2.0,5.0433,0.1997,0.2291,0.4547
140,4.1208,-1.4063,1.5066,0.0,1.9999,50.0287,0.1,2.0,5.0366,0.1996,0.2295,0.4546
141,3.9731,-1.0603,1.507,0.0,1.9999,49.2753,0.1,2.0,5.454,0.1996,0.2285,0.468
142,3.8178,-0.7172,1.515,0.0,1.9999,48.5306,0.1,2.0,5.8904,0.1996,0.2274,0.4782
143,3.6565,-0.3728,1.5245,0.0,1.9998,47.6228,0.1,2.0,6.2372,0.1997,0.226,0.482
144,3.5026,-0.0224,1.5353,0.0,1.9998,47.2114,0.1,2.0,6.2135,0.1996,0.2261,0.4798
145,3.3575,0.3325,1.5332,0.0,1.9998,46.9134,0.1,2.0,6.5929,0.1996,0.2243,0.4879
146,3.2222,0.6933,1.5423,3.0,1.9998,46.324,0.1,2.0,6.557,0.1996,0.224,0.4834
147,3.1097,1.0618,1.5459,3.0,1.9998,45.7856,0.1,2.0,6.5087,0.1996,0.2241,0.4754
148,3.0189,1.4366,1.542,3.0,1.9998,45.275,0.1,2.0,6.474,0.1996,0.2242,0.4707
149,2.964,1.82,1.5484,3.0,1.9998,44.8587,0.1,2.0,6.4359,0.1996,0.2247,0.467
150,2.9454,2.2111,1.5844,3.0,1.9998,44.4945,0.1,2.0,6.4117,0.1996,0.2252,0.4685
151,2.9755,2.6065,1.5919,3.0,1.9998,44.2496,0.1,2.0,6.3485,0.1996,0.2258,0.4652
152,3.0545,2.9919,1.5691,3.0,1.9998,44.0936,0.1,2.0,6.2953,0.1996,0.2265,0.4633
153,3.1807,3.3619,1.5595,3.0,1.9998,44.0007,0.1,2.0,6.2607,0.1996,0.2272,0.463
154,3.3641,3.7059,1.5793,3.0,1.9998,43.9643,0.1,2.0,6.2076,0.1996,0.2281,0.4623
155,3.6074,4.0165,1.5804,3.0,1.9998,43.9694,0.1,2.0,6.1621,0.1996,0.2291,0.462
156,3.9071,4.2742,1.5851,3.0,1.9998,44.0693,0.1,2.0,6.1237,0.1996,0.2304,0.4616
157,4.2558,4.4619,1.589,3.0,1.9998,44.2467,0.1,2.0,6.0508,0.1996,0.2319,0.4613
158,4.6383,4.5661,1.6032,3.0,1.9998,44.5103,0.1,2.0,5.973,0.1997,0.2336,0.4608
159,5.0365,4.574,1.5914,3.0,1.9998,44.9715,0.1,2.0,5.8382,0.1997,0.2359,0.4606
160,5.4483,4.3957,1.9688,3.0,1.9998,45.643,0.1,2.0,5.5608,0.1997,0.2388,0.4631
161,5.7862,4.032,2.0001,3.0,1.9998,48.6282,0.1,2.0,5.3876,0.1997,0.2449,0.4645
162,6.1763,3.7186,1.9866,3.0,1.9998,49.8167,0.1,2.0,4.7021,0.1997,0.2504,0.4532
163,6.5221,3.3643,1.9893,3.0,1.9999,50.3444,0.1,2.0,4.1897,0.1997,0.2538,0.4321
164,6.7757,2.9401,1.9627,3.0,1.9999,51.2354,0.1,2.0,3.8527,0.1997,0.2556,0.4123
165,6.936,2.4764,1.9746,3.0,1.9999,54.5261,0.1,2.0,3.6615,0.1997,0.2579,0.4072
166,7.0241,1.9915,1.9658,3.0,1.9999,58.3092,0.1,2.0,3.5423,0.1997,0.2589,0.407
167,7.0584,1.506,1.9405,0.0,1.9999,62.47,0.1,2.0,3.5914,0.1997,0.2586,0.4327
168,7.069,1.02,1.9558,0.0,1.9999,66.513,0.1,2.0,3.6579,0.1997,0.2587,0.4586
169,7.087,0.5309,1.9595,0.0,1.9999,69.7465,0.1,2.0,3.7238,0.1998,0.259,0.4692
170,7.1305,0.0401,1.9813,2.0,1.9999,70.5878,0.1,2.0,3.7656,0.1997,0.2576,0.4737
171,7.2041,-0.4478,1.9702,2.0,1.9999,71.0372,0.1,2.0,3.8083,0.1997,0.2566,0.4779
172,7.3239,-0.9237,1.9634,2.0,1.9999,71.3566,0.1,2.0,3.8543,0.1997,0.2556,0.4827
173,7.5036,-1.3773,1.9569,2.0,1.9999,71.4053,0.1,2.0,3.8979,0.1997,0.2546,0.4849
174,7.7411,-1.8005,1.9304,2.0,1.9999,71.3016,0.1,2.0,3.9433,0.1997,0.2537,0.4864
175,8.0425,-2.1803,1.9458,2.0,1.9999,70.7986,0.1,2.0,3.9792,0.1997,0.2529,0.4855
176,8.3982,-2.5126,1.9585,2.0,1.9999,70.399,0.1,2.0,4.0271,0.1997,0.2519,0.4878
177,8.8046,-2.7848,1.9505,2.0,1.9999,69.7306,0.1,2.0,4.0759,0.1997,0.2508,0.4881
178,9.2477,-2.986,1.9443,2.0,1.9999,68.9833,0.1,2.0,4.1422,0.1997,0.2493,0.4913
179,9.7124,-3.1177,1.9276,2.0,1.9999,65.7586,0.1,2.0,4.1688,0.1997,0.2457,0.4843
180,10.1849,-3.1949,1.9103,2.0,1.9999,62.3466,0.1,2.0,4.2062,0.1997,0.2427,0.4793
181,10.6596,-3.2251,1.9203,2.0,1.9999,58.9414,0.1,2.0,4.2209,0.1997,0.2404,0.4708
182,11.1336,-3.1781,1.9029,2.0,1.9999,55.6437,0.1,2.0,4.1893,0.1997,0.2389,0.4605
183,11.6065,-3.1038,1.925,2.0,1.9999,52.4297,0.1,2.0,4.084,0.1997,0.2394,0.4429
184,12.0769,-3.0146,1.9153,0.0,1.9999,52.2193,0.1,2.0,3.9446,0.1997,0.2457,0.4237
185,12.5418,-2.9005,1.9312,0.0,1.9999,53.0852,0.1,2.0,3.7492,0.1997,0.2537,0.4079
186,13.0073,-2.7682,1.9456,0.0,1.9999,54.6039,0.1,2.0,3.7278,0.1998,0.2593,0.4164
187,13.4701,-2.628,1.9332,0.0,1.9999,56.6544,0.1,2.0,3.79,0.1998,0.2603,0.4421
188,13.9334,-2.4826,1.9525,0.0,1.9999,59.1544,0.1,2.0,3.9561,0.1998,0.2569,0.4672
189,14.4031,-2.3331,1.9815,0.0,1.9999,61.9764,0.1,2.0,4.2546,0.1998,0.2512,0.4922
190,14.8761,-2.1869,1.986,0.0,1.9999,64.5207,0.1,2.0,4.792,0.1998,0.2466,0.5114
191,15.3493,-2.0437,1.9657,3.0,1.9999,66.5524,0.1,2.0,5.141,0.1998,0.2453,0.517
192,15.8147,-1.8721,1.9964,3.0,1.9999,67.4787,0.1,2.0,5.3931,0.1999,0.2447,0.5184
193,16.2517,-1.633,2.0036,3.0,1.9999,67.7355,0.1,2.0,5.523,0.1999,0.2437,0.5189
194,16.6003,-1.2818,1.9731,3.0,1.9999,67.3299,0.1,2.0,5.6991,0.1998,0.2408,0.5187
195,16.7836,-0.8341,1.9414,3.0,1.9999,66.1175,0.1,2.0,5.9742,0.1998,0.2345,0.5214
196,16.7445,-0.3558,1.9444,3.0,1.9999,64.3377,0.1,2.0,6.2647,0.1998,0.2266,0.5232
197,16.4929,0.0512,1.9259,3.0,1.9999,62.692,0.1,2.0,6.1081,0.1998,0.2233,0.5193
198,16.0915,0.3047,1.9047,3.0,1.9999,60.3063,0.1,2.0,5.7764,0.1997,0.2247,0.5135
199,15.6224,0.398,1.9269,3.0,1.9999,57.4576,0.1,2.0,5.7926,0.1997,0.227,0.5084
200,15.1449,0.3441,1.9302,3.0,1.9999,54.3156,0.1,2.0,5.1865,0.1997,0.2299,0.4915
201,14.6892,0.1908,1.9282,3.0,1.9999,51.2181,0.1,2.0,4.7364,0.1997,0.2287,0.4709
202,14.253,-0.0233,1.9575,0.0,1.9999,48.4988,0.1,2.0,4.7885,0.1996,0.2218,0.4653
203,13.8287,-0.2691,1.9653,0.0,1.9999,46.8117,0.1,2.0,5.2828,0.1996,0.2155,0.4747
204,13.405,-0.5167,1.9671,0.0,1.9999,45.8141,0.1,2.0,5.7822,0.1996,0.2157,0.4841
205,12.9819,-0.7616,1.9397,0.0,1.9998,44.6434,0.1,2.0,6.2006,0.1996,0.2194,0.4911
206,12.5566,-0.999,1.9419,0.0,1.9998,43.4965,0.1,2.0,6.4959,0.1996,0.2219,0.4961
207,12.1209,-1.2069,1.9345,3.0,1.9998,42.7631,0.1,2.0,6.3011,0.1996,0.2239,0.4901
208,11.6748,-1.3936,1.9229,3.0,1.9998,42.2308,0.1,2.0,6.1706,0.1996,0.2249,0.4788
209,11.2115,-1.5188,1.9137,3.0,1.9998,42.1374,0.1,2.0,6.049,0.1996,0.2267,0.4754
210,10.7379,-1.514,1.8759,3.0,1.9998,42.889,0.1,2.0,5.7918,0.1997,0.234,0.4671
211,10.313,-1.3367,1.8446,3.0,1.9998,45.0707,0.1,2.0,5.054,0.1998,0.2507,0.4665
212,10.0185,-0.9929,1.833,3.0,1.9998,47.7611,0.1,2.0,4.413,0.1998,0.2643,0.4672
213,9.9271,-0.5486,1.8309,3.0,1.9999,51.5032,0.1,2.0,3.9401,0.1998,0.2702,0.4641
214,10.0516,-0.1129,1.8238,3.0,1.9999,56.108,0.1,2.0,3.6768,0.1998,0.2691,0.473
215,10.3368,0.243,1.8383,3.0,1.9999,61.6023,0.1,2.0,3.5188,0.1998,0.2638,0.4853
216,10.7143,0.5033,1.8571,3.0,1.9999,66.5115,0.1,2.0,3.4866,0.1998,0.2601,0.4938
217,11.1449,0.68,1.8607,3.0,1.9999,71.2108,0.1,2.0,3.5733,0.1998,0.2589,0.5024
218,11.5858,0.8189,1.8356,2.0,1.9999,72.7168,0.1,2.0,3.7646,0.1998,0.2558,0.5098
219,12.0183,0.9742,1.8456,2.0,1.9999,72.8742,0.1,2.0,3.8887,0.1998,0.2533,0.5124
220,12.4302,1.1806,1.8377,2.0,1.9999,72.5333,0.1,2.0,3.9964,0.1998,0.2508,0.5132
221,12.7898,1.4642,1.8363,2.0,1.9999,71.8279,0.1,2.0,4.1196,0.1998,0.248,0.5132
222,13.0756,1.8195,1.8249,2.0,1.9999,70.8718,0.1,2.0,4.242,0.1997,0.2458,0.5127
223,13.2667,2.2321,1.8215,2.0,1.9999,67.7259,0.1,2.0,4.299,0.1997,0.2427,0.5071
224,13.3661,2.6743,1.8115,2.0,1.9999,64.4786,0.1,2.0,4.313,0.1997,0.2416,0.5006
225,13.3787,3.125,1.806,2.0,1.9999,61.0264,0.1,2.0,4.2494,0.1997,0.2423,0.4905
226,13.3225,3.5746,1.8186,2.0,1.9999,60.045,0.1,2.0,4.1688,0.1997,0.2467,0.4877
227,13.2111,4.0167,1.8301,2.0,1.9999,57.6247,0.1,2.0,4.0025,0.1997,0.2494,0.4797
228,13.0638,4.4525,1.8474,2.0,1.9999,55.8264,0.1,2.0,3.8352,0.1997,0.2518,0.4714
229,12.8854,4.8758,1.8324,0.0,1.9999,58.3683,0.1,2.0,3.7383,0.1998,0.2567,0.4733
230,12.7057,5.3014,1.8572,0.0,1.9999,61.6866,0.1,2.0,3.6852,0.1998,0.2594,0.481
231,12.5118,5.7246,1.8707,0.0,1.9999,63.3288,0.1,2.0,3.6505,0.1998,0.2586,0.4862
232,12.3171,6.15,1.8735,0.0,1.9999,66.9144,0.1,2.0,3.6712,0.1998,0.2588,0.4962
233,12.1123,6.5675,1.8475,0.0,1.9999,70.1643,0.1,2.0,3.7284,0.1998,0.2588,0.5067
234,11.8892,6.972,1.8439,0.0,1.9999,72.5636,0.1,2.0,3.8135,0.1998,0.2578,0.514
235,11.6565,7.3714,1.8568,2.0,1.9999,72.831,0.1,2.0,3.8631,0.1998,0.2563,0.5152
236,11.3941,7.7515,1.8354,2.0,1.9999,72.9381,0.1,2.0,3.9257,0.1998,0.2549,0.5172
237,11.0984,8.1009,1.8402,2.0,1.9999,72.7239,0.1,2.0,3.9884,0.1998,0.2541,0.5178
238,10.7563,8.4129,1.8553,2.0,1.9999,72.0307,0.1,2.0,4.0918,0.1998,0.2513,0.5183
239,10.3646,8.6634,1.86,2.0,1.9999,70.9783,0.1,2.0,4.1886,0.1997,0.2484,0.5181
240,9.9384,8.8521,1.8695,2.0,1.9999,68.0413,0.1,2.0,4.2481,0.1997,0.2431,0.5145
241,9.4839,8.9718,1.8937,2.0,1.9999,66.3992,0.1,2.0,4.3749,0.1997,0.2427,0.5136
242,9.0177,9.0318,1.8724,2.0,1.9999,62.758,0.1,2.0,4.4307,0.1997,0.241,0.507
243,8.5493,9.0349,1.8703,2.0,1.9999,59.0578,0.1,2.0,4.3812,0.1997,0.2406,0.4972
244,8.0836,8.9784,1.8706,2.0,1.9999,55.6915,0.1,2.0,4.291,0.1997,0.2407,0.4868
245,7.622,8.8823,1.9015,2.0,1.9999,52.7731,0.1,2.0,4.1683,0.1997,0.241,0.4766
246,7.1661,8.7469,1.9032,0.0,1.9999,52.3722,0.1,2.0,4.0886,0.1997,0.2438,0.4752
247,6.7079,8.6051,1.9237,0.0,1.9999,52.3861,0.1,2.0,3.994,0.1997,0.2466,0.4746
248,6.2465,8.4653,1.9324,0.0,1.9999,53.0006,0.1,2.0,3.9287,0.1997,0.2492,0.4769
249,5.7862,8.3194,1.9352,0.0,1.9999,53.7714,0.1,2.0,3.8655,0.1997,0.2513,0.4789
250,5.3198,8.1846,1.9456,0.0,1.9999,54.6645,0.1,2.0,3.7876,0.1997,0.2524,0.4764
251,4.8478,8.0622,1.9532,0.0,1.9999,57.6639,0.1,2.0,3.7593,0.1997,0.2548,0.4807
252,4.3741,7.9373,1.9594,0.0,1.9999,60.9992,0.1,2.0,3.7651,0.1998,0.2561,0.489
253,3.8945,7.8254,1.9789,0.0,1.9999,62.219,0.1,2.0,3.7555,0.1997,0.2545,0.4904
254,3.4119,7.7111,1.9872,0.0,1.9999,65.1673,0.1,2.0,3.7935,0.1998,0.2545,0.4969
255,2.9285,7.5964,1.9868,0.0,1.9999,68.0933,0.1,2.0,3.8464,0.1998,0.2551,0.505
256,2.4502,7.4623,1.997,2.0,1.9999,70.8228,0.1,2.0,3.8935,0.1998,0.2568,0.5123
257,1.9775,7.2946,1.9976,2.0,1.9999,71.1992,0.1,2.0,3.8879,0.1998,0.2573,0.513
258,1.5281,7.0855,1.9792,2.0,1.9999,71.3202,0.1,2.0,3.8932,0.1998,0.2574,0.5134
259,1.096,6.8438,1.9816,2.0,1.9999,71.2725,0.1,2.0,3.8774,0.1998,0.2565,0.5123
260,0.6916,6.56,1.969,2.0,1.9999,71.166,0.1,2.0,3.875,0.1998,0.2551,0.5113
261,0.3237,6.2396,1.9599,2.0,1.9999,71.2863,0.1,2.0,3.92,0.1998,0.2544,0.5135
262,-0.0093,5.882,1.9524,2.0,1.9999,71.1281,0.1,2.0,3.9268,0.1998,0.2543,0.5128
263,-0.3078,5.4973,1.9339,2.0,1.9999,71.0151,0.1,2.0,3.965,0.1998,0.2544,0.5136
264,-0.5539,5.0809,1.9394,2.0,1.9999,70.6245,0.1,2.0,3.9956,0.1998,0.2538,0.5136
265,-0.7553,4.6409,1.9301,2.0,1.9999,70.1185,0.1,2.0,4.0031,0.1997,0.2525,0.5125
266,-0.9028,4.1795,1.9543,2.0,1.9999,69.6108,0.1,2.0,4.077,0.1997,0.2509,0.5137
267,-0.9967,3.7007,1.9391,2.0,1.9999,66.8547,0.1,2.0,4.1143,0.1997,0.2474,0.5098
268,-1.0512,3.2212,1.9373,2.0,1.9999,63.9454,0.1,2.0,4.1704,0.1997,0.2444,0.5054
269,-1.0626,2.7339,1.9517,2.0,1.9999,60.7389,0.1,2.0,4.1893,0.1997,0.242,0.4987
270,-1.024,2.2507,1.9415,2.0,1.9999,57.6167,0.1,2.0,4.2192,0.1997,0.2404,0.4923
271,-0.9408,1.7716,1.9551,2.0,1.9999,54.5469,0.1,2.0,4.1818,0.1997,0.2394,0.4838
272,-0.8286,1.2926,1.983,0.0,1.9999,53.66,0.1,2.0,4.0831,0.1997,0.2415,0.4757
273,-0.6822,0.8202,1.9757,0.0,1.9999,53.3401,0.1,2.0,3.9856,0.1997,0.2441,0.4711
274,-0.5248,0.3511,1.969,0.0,1.9999,53.3887,0.1,2.0,3.8419,0.1997,0.2473,0.4641
275,-0.3593,-0.1146,1.98,0.0,1.9999,53.9717,0.1,2.0,3.7198,0.1997,0.2506,0.4598
276,-0.189,-0.581,1.9967,0.0,1.9999,54.9262,0.1,2.0,3.6189,0.1997,0.2532,0.4568
277,-0.0201,-1.0506,2.0012,0.0,1.9999,56.5051,0.1,2.0,3.7075,0.1998,0.2537,0.4711
278,0.1413,-1.5267,2.0327,0.0,1.9999,58.5352,0.1,2.0,3.8414,0.1998,0.2532,0.4875
279,0.3037,-2.0101,2.0449,0.0,1.9999,60.7711,0.1,2.0,4.0243,0.1998,0.2518,0.5025
280,0.4781,-2.4936,2.0656,0.0,1.9999,62.8711,0.1,2.0,4.318,0.1998,0.2498,0.5164
281,0.6677,-2.9759,2.0605,3.0,1.9999,64.7015,0.1,2.0,4.7924,0.1998,0.2474,0.5275
282,0.896,-3.4396,2.0708,3.0,1.9999,65.93,0.1,2.0,4.9525,0.1998,0.2462,0.5302
283,1.1615,-3.8786,2.0318,3.0,1.9999,66.8192,0.1,2.0,5.1474,0.1999,0.2451,0.532
284,1.4867,-4.2717,2.0346,3.0,1.9999,67.3218,0.1,2.0,5.405,0.1999,0.244,0.533
285,1.8719,-4.6021,2.043,3.0,1.9999,67.5493,0.1,2.0,5.5218,0.1999,0.243,0.5336
286,2.3252,-4.8305,2.0258,3.0,1.9999,67.4325,0.1,2.0,5.6876,0.1999,0.2415,0.5338
287,2.8213,-4.9253,2.0285,3.0,1.9999,66.9152,0.1,2.0,5.7801,0.1999,0.2394,0.534
288,3.3201,-4.8591,2.0172,3.0,1.9999,66.1231,0.1,2.0,5.827,0.1999,0.2367,0.5343
289,3.77,-4.6423,1.9937,3.0,1.9999,65.0094,0.1,2.0,5.9325,0.1998,0.2337,0.5344
290,4.1253,-4.2949,1.9977,3.0,1.9999,63.6585,0.1,2.0,6.0973,0.1998,0.2306,0.534
291,4.361,-3.8583,1.9824,3.0,1.9999,61.9058,0.1,2.0,6.2592,0.1998,0.2276,0.5331
292,4.4769,-3.376,1.9876,3.0,1.9999,59.4945,0.1,2.0,5.9469,0.1998,0.2265,0.5261
293,4.4966,-2.8804,1.9881,3.0,1.9999,56.8725,0.1,2.0,5.6413,0.1998,0.226,0.516
294,4.4408,-2.3885,1.9825,3.0,1.9999,54.3613,0.1,2.0,5.2695,0.1997,0.2263,0.5024
295,4.3136,-1.9082,1.9786,3.0,1.9999,51.9533,0.1,2.0,4.8994,0.1997,0.2273,0.4864
296,4.1499,-1.4416,1.9748,0.0,1.9999,50.1704,0.1,2.0,4.9037,0.1997,0.2277,0.4818
297,3.956,-0.9896,1.9699,0.0,1.9999,48.8878,0.1,2.0,5.2865,0.1997,0.227,0.4894
298,3.7441,-0.5467,1.9446,0.0,1.9999,47.8062,0.1,2.0,5.6963,0.1997,0.226,0.4968
299,3.5326,-0.1108,1.9409,0.0,1.9999,46.8348,0.1,2.0,6.0804,0.1997,0.2245,0.5026
300,3.3421,0.3365,1.9351,0.0,1.9998,46.1016,0.1,2.0,6.3913,0.1997,0.2225,0.508
301,3.1825,0.7919,1.9103,3.0,1.9998,45.4592,0.1,2.0,6.3417,0.1997,0.2224,0.5051
302,3.0575,1.257,1.9378,3.0,1.9998,44.8558,0.1,2.0,6.3287,0.1997,0.2225,0.5034
303,2.9727,1.7333,1.933,3.0,1.9998,44.3281,0.1,2.0,6.2864,0.1997,0.223,0.5011
304,2.9403,2.2147,1.9203,3.0,1.9998,43.9061,0.1,2.0,6.323,0.1997,0.2237,0.5007
305,2.9718,2.6933,1.9318,3.0,1.9998,43.5384,0.1,2.0,6.2989,0.1997,0.2243,0.4991
306,3.0807,3.1605,1.9278,3.0,1.9998,43.2989,0.1,2.0,6.2276,0.1997,0.2251,0.4976
307,3.2726,3.6022,1.9242,3.0,1.9998,43.2115,0.1,2.0,6.2014,0.1997,0.226,0.4958
308,3.5518,3.9899,1.9063,3.0,1.9998,43.2447,0.1,2.0,6.1121,0.1997,0.2273,0.4954
309,3.9222,4.29,1.9233,3.0,1.9998,43.485,0.1,2.0,6.0459,0.1997,0.229,0.4948
310,4.353,4.4852,1.8901,3.0,1.9998,43.852,0.1,2.0,5.9325,0.1997,0.2311,0.4951
311,4.8178,4.5616,1.8944,3.0,1.9999,44.3984,0.1,2.0,5.8365,0.1997,0.2336,0.4946
312,5.2821,4.5019,1.8838,3.0,1.9998,45.1034,0.1,2.0,5.6221,0.1997,0.2368,0.4962
313,5.7196,4.3272,1.8918,3.0,1.9999,46.1018,0.1,2.0,5.4186,0.1997,0.2406,0.4972
314,6.1054,4.0615,1.8711,3.0,1.9999,47.3421,0.1,2.0,5.238,0.1998,0.2447,0.4976
315,6.4255,3.7235,1.8632,3.0,1.9999,48.587,0.1,2.0,4.6543,0.1998,0.2496,0.487
316,6.6719,3.3284,1.8769,3.0,1.9999,50.0836,0.1,2.0,4.2331,0.1998,0.2532,0.4777
317,6.8455,2.8898,1.9015,3.0,1.9999,51.8737,0.1,2.0,3.9201,0.1998,0.2552,0.47
318,6.9467,2.4251,1.9024,3.0,1.9999,56.3152,0.1,2.0,3.7471,0.1998,0.2577,0.4712
319,7.0079,1.9529,1.8928,3.0,1.9999,60.9175,0.1,2.0,3.6395,0.1998,0.259,0.4752
320,7.0376,1.4801,1.8965,0.0,1.9999,65.2142,0.1,2.0,3.7046,0.1998,0.2589,0.4896
321,7.0598,1.0048,1.9078,0.0,1.9999,69.1045,0.1,2.0,3.7852,0.1998,0.2589,0.502
322,7.0891,0.531,1.8947,0.0,1.9999,72.268,0.1,2.0,3.8681,0.1998,0.2592,0.5109
323,7.1316,0.0588,1.911,2.0,1.9999,72.9286,0.1,2.0,3.9001,0.1998,0.2578,0.5126
324,7.1942,-0.4135,1.8995,2.0,1.9999,73.3761,0.1,2.0,3.9499,0.1998,0.2569,0.5152
325,7.3115,-0.8713,1.8995,2.0,1.9999,73.4316,0.1,2.0,3.9778,0.1998,0.2558,0.5154
326,7.4841,-1.3114,1.8826,2.0,1.9999,73.3265,0.1,2.0,4.0232,0.1998,0.2547,0.5165
327,7.7062,-1.7255,1.8735,2.0,1.9999,73.1588,0.1,2.0,4.0745,0.1998,0.2538,0.5174
328,7.9865,-2.1024,1.8788,2.0,1.9999,72.858,0.1,2.0,4.1217,0.1998,0.2531,0.5178
329,8.3232,-2.4343,1.903,2.0,1.9999,72.4693,0.1,2.0,4.1953,0.1998,0.2523,0.5188
330,8.7064,-2.7169,1.9073,2.0,1.9999,71.8596,0.1,2.0,4.2576,0.1998,0.2513,0.5188
331,9.1237,-2.9378,1.8806,2.0,1.9999,71.2264,0.1,2.0,4.3434,0.1998,0.2501,0.5189
332,9.573,-3.0868,1.8988,2.0,1.9999,68.2033,0.1,2.0,4.3475,0.1998,0.2463,0.5139
333,10.0382,-3.1778,1.8981,2.0,1.9999,66.7582,0.1,2.0,4.4169,0.1998,0.2454,0.5116
334,10.5106,-3.2184,1.8896,2.0,1.9999,63.304,0.1,2.0,4.4607,0.1998,0.2429,0.5058
335,10.9833,-3.2143,1.891,2.0,1.9999,60.002,0.1,2.0,4.4675,0.1998,0.2415,0.4988
336,11.453,-3.1474,1.9012,2.0,1.9999,56.583,0.1,2.0,4.3594,0.1998,0.2412,0.4875
337,11.9198,-3.0527,1.9096,2.0,1.9999,53.8112,0.1,2.0,4.1386,0.1998,0.2434,0.4721
338,12.3804,-2.9374,1.9014,0.0,2.0,54.2192,0.1,2.0,3.9074,0.1998,0.2506,0.4632
339,12.8398,-2.8068,1.918,0.0,2.0,55.5401,0.1,2.0,3.6898,0.1998,0.2581,0.4577
340,13.3006,-2.6638,1.938,0.0,1.9999,57.1687,0.1,2.0,3.6967,0.1998,0.2608,0.4678
341,13.765,-2.5209,1.9518,0.0,1.9999,59.2976,0.1,2.0,3.8181,0.1998,0.2588,0.4861
342,14.2308,-2.3827,1.9388,0.0,1.9999,62.0063,0.1,2.0,4.0435,0.1998,0.2538,0.5054
343,14.693,-2.2493,1.9057,0.0,1.9999,64.7945,0.1,2.0,4.4946,0.1999,0.2489,0.5226
344,15.1501,-2.1087,1.9148,0.0,1.9999,66.9108,0.1,2.0,5.1884,0.1999,0.2456,0.5332
345,15.6004,-1.9544,1.9004,3.0,1.9999,69.1186,0.1,2.0,5.6027,0.1999,0.245,0.5358
346,16.0344,-1.7594,1.8976,3.0,1.9999,71.9325,0.1,2.0,5.9625,0.1999,0.2442,0.5366
347,16.4225,-1.4901,1.8946,3.0,1.9999,72.9364,0.1,2.0,6.1297,0.1999,0.2427,0.5368
348,16.702,-1.1136,1.8935,3.0,1.9999,72.9051,0.1,2.0,6.3245,0.1999,0.2386,0.537
349,16.8126,-0.6604,1.8725,3.0,1.9999,71.2779,0.1,2.0,6.5682,0.1999,0.2315,0.5374
350,16.7006,-0.213,1.8532,3.0,1.9999,70.1273,0.1,2.0,6.9078,0.1999,0.2244,0.5374
351,16.4088,0.1382,1.8272,3.0,1.9999,68.0286,0.1,2.0,6.6738,0.1999,0.2225,0.5332
352,16.0063,0.3418,1.8025,3.0,1.9999,65.3599,0.1,2.0,6.3176,0.1999,0.2249,0.5259
353,15.5614,0.3971,1.8004,3.0,1.9999,62.4573,0.1,2.0,5.8647,0.1998,0.2289,0.5143
354,15.1136,0.3396,1.8208,3.0,1.9999,59.5568,0.1,2.0,5.8061,0.1998,0.2296,0.5073
355,14.6825,0.1967,1.8156,3.0,1.9999,56.4757,0.1,2.0,5.2784,0.1998,0.2283,0.4898
356,14.2718,0.0077,1.8187,3.0,1.9999,53.5041,0.1,2.0,5.3179,0.1998,0.2219,0.4839
357,13.8755,-0.2142,1.8131,0.0,1.9999,51.6052,0.1,2.0,5.8613,0.1998,0.2156,0.4917
358,13.4858,-0.4483,1.8067,0.0,1.9999,50.0416,0.1,2.0,6.2296,0.1998,0.2146,0.4968
359,13.0953,-0.6766,1.8148,0.0,1.9999,48.6583,0.1,2.0,6.577,0.1998,0.2175,0.5012
360,12.698,-0.8962,1.8174,0.0,1.9999,47.4118,0.1,2.0,6.5127,0.1998,0.2223,0.4962
361,12.2936,-1.103,1.8189,3.0,1.9999,46.3544,0.1,2.0,6.6938,0.1998,0.2231,0.5007
362,11.8827,-1.2926,1.8127,3.0,1.9999,46.7296,0.1,2.0,6.5619,0.1998,0.2241,0.4958
363,11.4582,-1.4448,1.8037,3.0,1.9999,48.0632,0.1,2.0,6.5277,0.1998,0.2249,0.4912
364,11.0157,-1.5181,1.7997,3.0,1.9999,48.3139,0.1,2.0,6.3889,0.1998,0.2281,0.4899
365,10.5744,-1.464,1.7802,3.0,1.9999,49.103,0.1,2.0,5.9865,0.1998,0.2386,0.4892
366,10.1995,-1.2456,1.7299,3.0,1.9999,51.8061,0.1,2.0,5.1563,0.1999,0.2557,0.4861
367,9.9617,-0.887,1.7452,3.0,1.9999,54.9121,0.1,2.0,4.649,0.1999,0.2655,0.4824
368,9.9169,-0.4579,1.742,3.0,1.9999,58.3433,0.1,2.0,4.1415,0.1999,0.2694,0.4799
369,10.0633,-0.0544,1.7217,3.0,1.9999,63.238,0.1,2.0,3.865,0.1999,0.2676,0.4832
370,10.3417,0.2717,1.7069,3.0,1.9999,68.3384,0.1,2.0,3.6689,0.1999,0.2629,0.4926
371,10.7022,0.5028,1.733,3.0,1.9999,72.9322,0.1,2.0,3.6259,0.1999,0.26,0.5009
372,11.0982,0.6772,1.7367,3.0,1.9999,77.3319,0.1,2.0,3.7427,0.1999,0.2589,0.5096
373,11.5087,0.8075,1.7259,2.0,1.9999,78.7135,0.1,2.0,3.9849,0.1999,0.2561,0.5179
374,11.9179,0.9432,1.7231,2.0,1.9999,79.1645,0.1,2.0,4.1646,0.1999,0.2539,0.5214
375,12.3147,1.117,1.7259,2.0,1.9999,79.0892,0.1,2.0,4.3065,0.1999,0.2517,0.5228
376,12.6731,1.3504,1.7063,2.0,1.9999,78.4535,0.1,2.0,4.4139,0.1999,0.2493,0.5227
377,12.9742,1.6573,1.7386,2.0,1.9999,77.7854,0.1,2.0,4.5677,0.1999,0.2469,0.5229
378,13.1987,2.0304,1.7594,2.0,1.9999,76.9698,0.1,2.0,4.7244,0.1998,0.2453,0.5226
379,13.3391,2.4489,1.7796,2.0,1.9999,73.9123,0.1,2.0,4.7248,0.1998,0.2433,0.5168
380,13.3975,2.8901,1.7843,2.0,1.9999,70.7805,0.1,2.0,4.7183,0.1998,0.2431,0.5096
381,13.3722,3.3365,1.7991,2.0,2.0,67.6009,0.1,2.0,4.5951,0.1998,0.2443,0.4998
382,13.2786,3.7814,1.8325,2.0,2.0,64.6014,0.1,2.0,4.3834,0.1998,0.2464,0.4885
383,13.145,4.2195,1.8299,2.0,2.0,62.2631,0.1,2.0,4.1679,0.1999,0.249,0.4774
384,12.983,4.651,1.8448,0.0,2.0,62.8017,0.1,2.0,4.0221,0.1999,0.253,0.4752
385,12.8012,5.0757,1.8477,0.0,2.0,65.8706,0.1,2.0,3.9288,0.1999,0.2569,0.4808
386,12.6032,5.492,1.84,0.0,2.0,69.2875,0.1,2.0,3.9041,0.1999,0.2588,0.4909
387,12.4063,5.9124,1.8714,0.0,2.0,72.6073,0.1,2.0,3.911,0.1999,0.2595,0.501
388,12.2026,6.3389,1.8973,0.0,2.0,75.5225,0.1,2.0,3.9513,0.1999,0.2595,0.5096
389,11.9955,6.7684,1.9065,0.0,2.0,78.0959,0.1,2.0,4.0426,0.1999,0.2591,0.5173
390,11.7779,7.1876,1.8898,2.0,1.9999,78.6403,0.1,2.0,4.1235,0.1999,0.2569,0.5201
391,11.5307,7.5931,1.8899,2.0,1.9999,79.0192,0.1,2.0,4.2253,0.1999,0.2554,0.5228
392,11.2415,7.9657,1.886,2.0,1.9999,79.1526,0.1,2.0,4.3087,0.1999,0.2548,0.524
393,10.9034,8.2906,1.8682,2.0,1.9999,78.7735,0.1,2.0,4.4943,0.1999,0.2526,0.5259
394,10.5193,8.5608,1.8841,2.0,1.9999,77.8524,0.1,2.0,4.6251,0.1999,0.2497,0.5259
395,10.1011,8.7778,1.8792,2.0,1.9999,76.9933,0.1,2.0,4.8043,0.1999,0.2466,0.5266
396,9.6552,8.9259,1.8918,2.0,2.0,73.9787,0.1,2.0,4.9307,0.1999,0.2432,0.523
397,9.1939,9.0104,1.8805,2.0,2.0,70.5787,0.1,2.0,4.9901,0.1998,0.2411,0.5169
398,8.7212,9.0301,1.8994,2.0,2.0,66.7621,0.1,2.0,4.9526,0.1998,0.2399,0.5085
399,8.2491,8.9895,1.8832,2.0,2.0,63.2358,0.1,2.0,4.8731,0.1998,0.2398,0.4994
400,7.7835,8.9068,1.9056,2.0,2.0,60.0913,0.1,2.0,4.7303,0.1998,0.2402,0.4894
401,7.3249,8.7935,1.8788,0.0,2.0,59.8147,0.1,2.0,4.6208,0.1998,0.2431,0.4859
402,6.8731,8.6604,1.8768,0.0,2.0,60.1655,0.1,2.0,4.5109,0.1998,0.246,0.4843
403,6.4226,8.517,1.9071,0.0,2.0,60.8979,0.1,2.0,4.4073,0.1998,0.2485,0.484
404,5.9645,8.3752,1.9294,0.0,2.0,61.8071,0.1,2.0,4.3012,0.1999,0.2506,0.4841
405,5.4985,8.2387,1.9549,0.0,2.0,62.2391,0.1,2.0,4.1745,0.1999,0.2521,0.4832
406,5.0276,8.1062,1.9602,0.0,2.0,63.0227,0.1,2.0,4.1,0.1999,0.2527,0.4842
407,4.5539,7.9803,1.9732,0.0,2.0,65.9539,0.1,2.0,4.0879,0.1999,0.2545,0.4925
408,4.0745,7.865,1.9623,0.0,2.0,69.2151,0.1,2.0,4.1304,0.1999,0.2555,0.5021
409,3.5937,7.7641,1.9774,0.0,2.0,71.8269,0.1,2.0,4.1793,0.1999,0.256,0.5096
410,3.1142,7.6444,1.9828,0.0,2.0,74.1719,0.1,2.0,4.2479,0.1999,0.2563,0.516
411,2.6357,7.51,1.988,0.0,2.0,76.2984,0.1,2.0,4.2926,0.1999,0.2575,0.5209
412,2.1645,7.3574,1.9866,2.0,2.0,76.5405,0.1,2.0,4.2727,0.1999,0.2577,0.5212
413,1.7055,7.1656,1.9942,2.0,2.0,76.507,0.1,2.0,4.2443,0.1999,0.2579,0.5206
414,1.2626,6.9374,1.9783,2.0,1.9999,76.2578,0.1,2.0,4.2024,0.1999,0.2572,0.5191
415,0.8487,6.6701,1.963,2.0,1.9999,76.2071,0.1,2.0,4.2108,0.1999,0.2559,0.5191
416,0.4596,6.3724,1.9691,2.0,1.9999,76.1454,0.1,2.0,4.2099,0.1999,0.2549,0.5188
417,0.1037,6.0294,1.975,2.0,1.9999,76.2189,0.1,2.0,4.242,0.1999,0.2546,0.5193
418,-0.2091,5.6445,1.9963,2.0,1.9999,76.0397,0.1,2.0,4.2669,0.1999,0.2545,0.5193
419,-0.4826,5.225,2.0001,2.0,1.9999,75.65,0.1,2.0,4.2866,0.1999,0.2541,0.5188
420,-0.6977,4.7744,1.9952,2.0,1.9999,75.2957,0.1,2.0,4.3469,0.1999,0.253,0.5194
421,-0.8597,4.2995,2.0196,2.0,1.9999,74.6403,0.1,2.0,4.3924,0.1999,0.2513,0.5192
422,-0.9777,3.8141,1.9902,2.0,1.9999,74.0592,0.1,2.0,4.4809,0.1999,0.2498,0.5192
423,-1.0433,3.3184,2.0066,2.0,1.9999,71.3599,0.1,2.0,4.5685,0.1998,0.2467,0.5156
424,-1.0654,2.8187,2.0011,2.0,2.0,68.5524,0.1,2.0,4.6445,0.1998,0.2444,0.5108
425,-1.0326,2.3192,2.0015,2.0,2.0,65.4347,0.1,2.0,4.6395,0.1998,0.2426,0.5035
426,-0.9552,1.8251,2.0077,2.0,2.0,62.5605,0.1,2.0,4.5957,0.1998,0.2415,0.4955
427,-0.8439,1.3344,2.0183,0.0,2.0,58.5552,0.1,2.0,4.405,0.1998,0.241,0.4815
428,-0.7079,0.8522,2.001,0.0,2.0,58.2852,0.1,2.0,4.2943,0.1998,0.2437,0.4772
429,-0.5514,0.3735,2.0246,0.0,2.0,57.2432,0.1,2.0,4.0993,0.1998,0.2468,0.4705
430,-0.3739,-0.1017,2.0295,0.0,2.0,56.572,0.1,2.0,3.9201,0.1998,0.2501,0.4645
431,-0.1956,-0.5771,2.0363,0.0,2.0,56.386,0.1,2.0,3.7797,0.1999,0.2528,0.4601
432,-0.0275,-1.0578,2.0282,0.0,2.0,57.5395,0.1,2.0,3.888,0.1999,0.2533,0.4736
433,0.1362,-1.5367,2.0198,0.0,2.0,59.5478,0.1,2.0,4.0709,0.1999,0.2529,0.4905
434,0.3036,-2.0146,2.0255,0.0,2.0,62.2157,0.1,2.0,4.3678,0.1999,0.2516,0.5078
435,0.4791,-2.4851,2.0027,0.0,2.0,64.0931,0.1,2.0,4.7685,0.1999,0.2497,0.5208
436,0.6658,-2.9511,2.0072,3.0,2.0,65.5222,0.1,2.0,5.2923,0.1999,0.2474,0.5303
437,0.8792,-3.403,1.9832,3.0,2.0,68.1627,0.1,2.0,5.5389,0.1999,0.2463,0.5331
438,1.1387,-3.8253,1.9732,3.0,2.0,69.8758,0.1,2.0,5.7712,0.1999,0.2451,0.5347
439,1.4428,-4.2136,1.9639,3.0,2.0,70.2599,0.1,2.0,5.8851,0.1999,0.2442,0.5356
440,1.7994,-4.5466,1.9532,3.0,2.0,72.1023,0.1,2.0,6.0911,0.1999,0.2433,0.5362
441,2.2199,-4.7958,1.9599,3.0,2.0,74.0928,0.1,2.0,6.2705,0.1999,0.242,0.5365
442,2.6918,-4.926,1.9772,3.0,2.0,74.8127,0.1,2.0,6.4005,0.1999,0.2401,0.5366
443,3.1805,-4.8931,1.9711,3.0,2.0,73.9602,0.1,2.0,6.5029,0.1999,0.2375,0.5366
444,3.6393,-4.7105,1.9817,3.0,2.0,72.253,0.1,2.0,6.6019,0.1999,0.2342,0.5365
445,4.0253,-4.4063,1.9701,3.0,2.0,70.7347,0.1,2.0,6.748,0.1999,0.2311,0.5363
446,4.2987,-4.0013,1.9583,3.0,2.0,68.9464,0.1,2.0,6.8823,0.1999,0.2281,0.5357
447,4.4592,-3.5427,1.936,3.0,2.0,67.1592,0.1,2.0,6.6424,0.1999,0.2272,0.5299
448,4.51,-3.0588,1.9669,3.0,2.0,64.4868,0.1,2.0,6.3268,0.1999,0.2264,0.521
449,4.4738,-2.5727,1.9423,3.0,2.0,61.376,0.1,2.0,5.9129,0.1999,0.2263,0.5079
450,4.3719,-2.0998,1.9358,3.0,2.0,58.8474,0.1,2.0,5.4661,0.1999,0.227,0.4923
451,4.2229,-1.6392,1.9362,3.0,2.0,56.1858,0.1,2.0,5.3677,0.1999,0.2267,0.4844
452,4.0365,-1.188,1.9661,0.0,2.0,54.6126,0.1,2.0,5.7923,0.1999,0.2256,0.4909
453,3.8342,-0.7381,1.9789,0.0,2.0,53.2897,0.1,2.0,6.166,0.1999,0.2247,0.4974
454,3.6184,-0.2902,2.0062,0.0,1.9999,52.2848,0.1,2.0,6.5182,0.1999,0.2233,0.5047
455,3.4094,0.1677,2.0081,0.0,1.9999,51.492,0.1,2.0,6.8947,0.1999,0.2215,0.5119
456,3.2304,0.6377,2.0183,3.0,1.9999,50.4127,0.1,2.0,6.8368,0.1998,0.2214,0.5093
457,3.0911,1.1249,2.0317,3.0,1.9999,49.326,0.1,2.0,6.7672,0.1998,0.2214,0.5063
458,2.9905,1.6242,2.0278,3.0,1.9999,48.5627,0.1,2.0,6.7155,0.1998,0.2218,0.5036
459,2.9504,2.1305,2.0349,3.0,1.9999,48.1241,0.1,2.0,6.6642,0.1998,0.2225,0.5015
460,2.971,2.6361,2.0101,3.0,1.9999,48.0566,0.1,2.0,6.6266,0.1998,0.2232,0.4991
461,3.0761,3.1258,1.9973,3.0,1.9999,48.2875,0.1,2.0,6.588,0.1998,0.224,0.4968
462,3.262,3.5817,1.9494,3.0,1.9999,49.285,0.1,2.0,6.5884,0.1998,0.2249,0.4941
463,3.5414,3.9771,1.9316,3.0,1.9999,49.6815,0.1,2.0,6.5451,0.1999,0.2261,0.4926
464,3.9151,4.281,1.9239,3.0,1.9999,49.3753,0.1,2.0,6.4318,0.1998,0.2279,0.4931
465,4.3491,4.4867,1.9329,3.0,1.9999,50.5838,0.1,2.0,6.3991,0.1999,0.2299,0.4918
466,4.8245,4.5659,1.941,3.0,1.9999,51.8985,0.1,2.0,6.329,0.1999,0.2323,0.491
467,5.2984,4.5006,1.9163,3.0,1.9999,52.2254,0.1,2.0,6.1684,0.1999,0.2357,0.4926
468,5.7375,4.3138,1.9,3.0,1.9999,53.9005,0.1,2.0,6.0332,0.1999,0.2397,0.4931
469,6.1217,4.0331,1.9082,3.0,1.9999,55.6618,0.1,2.0,5.8251,0.1999,0.2439,0.4944
470,6.4374,3.6798,1.898,3.0,2.0,57.2764,0.1,2.0,5.1283,0.1999,0.249,0.4843
471,6.6771,3.2722,1.8952,3.0,2.0,59.2519,0.1,2.0,4.6023,0.1999,0.2526,0.475
472,6.8451,2.8318,1.8845,3.0,2.0,61.4081,0.1,2.0,4.2338,0.1999,0.2546,0.4684
473,6.9545,2.3765,1.8787,3.0,2.0,65.7217,0.1,2.0,3.9973,0.1999,0.257,0.4694
474,7.0149,1.9096,1.8905,3.0,2.0,69.9065,0.1,2.0,3.8545,0.1999,0.2582,0.4729
475,7.0452,1.4371,1.8925,0.0,2.0,74.2505,0.1,2.0,3.978,0.1999,0.2581,0.4912
476,7.0717,0.9628,1.8974,0.0,2.0,77.6194,0.1,2.0,4.0968,0.1999,0.2582,0.5043
477,7.1,0.4892,1.91,0.0,2.0,80.0644,0.1,2.0,4.207,0.1999,0.2587,0.5125
478,7.1484,0.0138,1.9053,2.0,2.0,80.6271,0.1,2.0,4.2731,0.1999,0.2574,0.5159
479,7.2239,-0.4538,1.8815,2.0,2.0,80.9005,0.1,2.0,4.341,0.1999,0.2564,0.5178
480,7.3377,-0.9096,1.8775,2.0,2.0,81.0333,0.1,2.0,4.4028,0.1999,0.2555,0.519
481,7.4996,-1.3523,1.8873,2.0,2.0,81.1585,0.1,2.0,4.4763,0.1999,0.2546,0.5203
482,7.7243,-1.7645,1.8735,2.0,2.0,81.3116,0.1,2.0,4.5697,0.1999,0.2539,0.5217
483,8.0126,-2.1359,1.8916,2.0,2.0,81.3608,0.1,2.0,4.6723,0.1999,0.2531,0.523
484,8.3503,-2.4665,1.8968,2.0,2.0,81.1724,0.1,2.0,4.7649,0.1999,0.2524,0.5235
485,8.7349,-2.7458,1.9015,2.0,2.0,80.7533,0.1,2.0,4.8538,0.1999,0.2514,0.5235
486,9.154,-2.9654,1.8963,2.0,2.0,80.2022,0.1,2.0,4.9522,0.1999,0.2501,0.5232
487,9.6018,-3.1152,1.8939,2.0,2.0,77.9408,0.1,2.0,5.0332,0.1999,0.2465,0.5201
488,10.0697,-3.1966,1.9055,2.0,2.0,75.0141,0.1,2.0,5.0934,0.1999,0.2433,0.5151
489,10.5461,-3.2226,1.9153,2.0,2.0,73.6916,0.1,2.0,5.181,0.1999,0.2431,0.5127
490,11.0212,-3.2191,1.897,2.0,2.0,70.3843,0.1,2.0,5.131,0.1999,0.2416,0.5039
491,11.4954,-3.1949,1.9192,2.0,2.0,67.5637,0.1,2.0,4.9824,0.1999,0.2418,0.4935
492,11.9648,-3.0933,1.9222,0.0,2.0,63.9266,0.1,2.0,4.6474,0.1999,0.2439,0.4774
493,12.4248,-2.9618,1.9046,0.0,2.0,63.9294,0.1,2.0,4.3185,0.1999,0.2512,0.469
494,12.8785,-2.8202,1.9002,0.0,2.0,64.9173,0.1,2.0,4.0051,0.1999,0.2585,0.4625
495,13.3295,-2.6668,1.9041,0.0,2.0,66.587,0.1,2.0,4.0451,0.1999,0.2608,0.4739
496,13.7814,-2.5203,1.8928,0.0,2.0,68.62,0.1,2.0,4.225,0.1999,0.2586,0.4908
497,14.2334,-2.3846,1.8759,0.0,2.0,71.2694,0.1,2.0,4.5713,0.1999,0.2536,0.5096
498,14.6832,-2.2538,1.861,0.0,2.0,73.7249,0.1,2.0,5.1535,0.1999,0.2488,0.5246
499,15.1292,-2.1169,1.8736,0.0,2.0,76.786,0.1,2.0,6.1106,0.1999,0.2456,0.535
